order_id,customer_id,product,category,quantity,price,discount,city,payment_method,date
1001,2102,Watch,Electronics,4.0,17287.0,0.0,Pune,Debit Card,2023-09-24
1002,2435,Camera,Accessories,2.0,12805.0,46.0,Hyderabad,Credit Card,2023-03-17
1003,2860,Keyboard,Accessories,,31537.0,,Pune,Credit Card,2023-04-30
1004,2270,Laptop,Gadgets,2.0,5682.0,38.0,Pune,COD,2023-07-07
1005,2106,Backpack,Electronics,4.0,27205.0,,,UPI,2023-01-28
1006,2071,Laptop,Fashion,3.0,22960.0,33.0,Bangalore,Debit Card,2023-10-14
1007,2700,Phone,Gadgets,4.0,5663.0,40.0,Chennai,Credit Card,2023-02-11
1008,2020,Laptop,Gadgets,3.0,,28.0,Chennai,Credit Card,2023-04-29
1009,2614,Watch,Gadgets,3.0,5112.0,8.0,Mumbai,UPI,2023-10-28
1010,2121,Mic,Fashion,3.0,4848.0,12.0,Hyderabad,UPI,2023-04-07
1011,2466,TV,Gadgets,3.0,33823.0,5.0,Chennai,Debit Card,2023-05-24
1012,2214,Backpack,Fashion,4.0,35834.0,5.0,Delhi,COD,2023-11-27
1013,2330,Laptop,Gadgets,3.0,44802.0,,Delhi,,2023-04-06
1014,2458,Laptop,Fashion,3.0,49262.0,2.0,Pune,COD,2023-08-25
1015,2087,Phone,Accessories,2.0,49534.0,16.0,Mumbai,Debit Card,2023-07-24
1016,2372,TV,Accessories,1.0,3312.0,48.0,Hyderabad,COD,2023-12-09
1017,2099,Headphones,Accessories,1.0,22254.0,,Hyderabad,Credit Card,2023-12-10
1018,2871,Laptop,Accessories,2.0,4692.0,47.0,Pune,COD,2023-08-03
1019,2663,Watch,Accessories,2.0,22407.0,46.0,Delhi,Debit Card,2023-11-24
1020,2130,Camera,Gadgets,4.0,15314.0,44.0,Bangalore,,2023-09-16
1021,2661,Backpack,Gadgets,4.0,34485.0,0.0,Mumbai,Debit Card,2023-03-25
1022,2308,Laptop,Gadgets,,16218.0,16.0,Pune,COD,2023-12-03
1023,2769,Watch,Fashion,2.0,21586.0,2.0,Mumbai,Credit Card,2023-07-29
1024,2343,Watch,Fashion,,17940.0,25.0,Delhi,UPI,2023-10-04
1025,2491,Backpack,Fashion,3.0,44399.0,14.0,Delhi,Credit Card,2023-12-06
1026,2413,Headphones,Fashion,4.0,8410.0,35.0,Bangalore,COD,2023-02-21
1027,2805,Watch,Accessories,4.0,44563.0,,Bangalore,COD,2023-04-09
1028,2385,Camera,Accessories,4.0,45839.0,31.0,Hyderabad,,2023-10-28
1029,2191,Watch,Accessories,1.0,12943.0,3.0,Mumbai,COD,2023-10-28
1030,2955,Watch,Electronics,3.0,42292.0,17.0,Mumbai,,2023-09-22
1031,2276,Watch,Gadgets,,44499.0,48.0,Delhi,Debit Card,2023-04-23
1032,2160,Mic,Fashion,4.0,6788.0,18.0,Hyderabad,Debit Card,2023-01-09
1033,2459,Mic,Fashion,4.0,3511.0,42.0,Pune,Debit Card,2023-10-25
1034,2313,Headphones,Accessories,1.0,22632.0,34.0,Mumbai,Debit Card,2023-12-30
1035,2021,Laptop,Fashion,,33955.0,39.0,Hyderabad,COD,2023-04-28
1036,2252,Watch,Fashion,2.0,3521.0,13.0,,UPI,2023-08-13
1037,2747,TV,Gadgets,3.0,,32.0,Delhi,UPI,2023-03-04
1038,2856,Laptop,Accessories,2.0,37583.0,13.0,Hyderabad,Debit Card,2023-07-04
1039,2560,Headphones,Gadgets,3.0,48480.0,33.0,,COD,2023-05-10
1040,2474,Shoes,Electronics,1.0,13346.0,,,Credit Card,2023-09-01
1041,2058,Laptop,Electronics,4.0,13854.0,23.0,Chennai,Credit Card,2023-12-16
1042,2510,Laptop,Electronics,2.0,36020.0,28.0,,COD,2023-10-02
1043,2681,Keyboard,Accessories,4.0,926.0,18.0,Pune,Debit Card,2023-03-26
1044,2475,Phone,Fashion,2.0,3960.0,5.0,Chennai,UPI,2023-07-01
1045,2699,Keyboard,Accessories,1.0,,32.0,Bangalore,,2023-05-29
1046,2975,Camera,Accessories,1.0,2075.0,48.0,Chennai,,2023-10-20
1047,2782,Mic,Fashion,1.0,23577.0,39.0,Delhi,Credit Card,2023-12-08
1048,2189,Mic,Gadgets,2.0,46937.0,18.0,Delhi,Credit Card,2023-07-23
1049,2957,Phone,Electronics,3.0,4233.0,0.0,Hyderabad,Debit Card,2023-01-22
1050,2686,Backpack,Gadgets,2.0,38411.0,4.0,Mumbai,Credit Card,2023-03-22
1051,2957,Backpack,Electronics,3.0,17573.0,26.0,Hyderabad,COD,2023-07-09
1052,2562,Headphones,Accessories,2.0,3944.0,15.0,Delhi,COD,2023-07-20
1053,2875,Phone,Electronics,,25195.0,5.0,Bangalore,Credit Card,2023-06-18
1054,2566,Laptop,Accessories,1.0,,39.0,Pune,COD,2023-11-28
1055,2243,Backpack,Gadgets,4.0,32602.0,,Bangalore,Credit Card,2023-07-20
1056,2831,Watch,Accessories,4.0,34742.0,47.0,Hyderabad,Credit Card,2023-01-22
1057,2504,TV,Gadgets,3.0,10851.0,34.0,Pune,UPI,2023-09-16
1058,2130,Laptop,Fashion,4.0,33903.0,18.0,Delhi,,2023-01-22
1059,2484,Camera,Fashion,2.0,13595.0,,Bangalore,Debit Card,2023-09-02
1060,2818,Watch,Fashion,,30008.0,15.0,Delhi,UPI,2023-08-21
1061,2646,Watch,Accessories,1.0,36776.0,42.0,Pune,UPI,2023-09-18
1062,2020,Phone,Fashion,1.0,16915.0,9.0,Pune,Debit Card,2023-06-30
1063,2840,Headphones,Electronics,4.0,44609.0,24.0,Bangalore,Credit Card,2023-03-25
1064,2166,Camera,Gadgets,,24506.0,19.0,Delhi,Credit Card,2023-09-30
1065,2273,Backpack,Gadgets,4.0,,30.0,Chennai,Debit Card,2023-11-20
1066,2387,Phone,Electronics,4.0,14576.0,3.0,Delhi,Credit Card,2023-05-26
1067,2600,Backpack,Accessories,4.0,6089.0,43.0,Pune,UPI,2023-04-15
1068,2315,Phone,Accessories,4.0,38022.0,,Delhi,Credit Card,2023-01-15
1069,2013,Phone,Gadgets,2.0,36836.0,1.0,Hyderabad,Credit Card,2023-04-05
1070,2241,Phone,Fashion,3.0,20784.0,21.0,Chennai,COD,2023-05-22
1071,2776,Headphones,Accessories,2.0,49553.0,36.0,,COD,2023-06-17
1072,2345,Phone,Accessories,3.0,34810.0,7.0,Hyderabad,COD,2023-12-04
1073,2564,Shoes,Electronics,1.0,10258.0,6.0,Mumbai,Credit Card,2023-01-20
1074,2897,TV,Electronics,4.0,9301.0,13.0,Bangalore,Debit Card,2023-07-22
1075,2339,Backpack,Fashion,2.0,12697.0,2.0,,UPI,2023-03-15
1076,2091,Laptop,Accessories,3.0,4858.0,,Delhi,Credit Card,2023-07-08
1077,2366,Keyboard,Accessories,1.0,11581.0,15.0,Mumbai,Debit Card,2023-01-01
1078,2955,Camera,Electronics,1.0,,,Pune,Credit Card,2023-05-15
1079,2454,Mic,Accessories,4.0,40686.0,17.0,Hyderabad,UPI,2023-02-19
1080,2427,Headphones,Gadgets,3.0,46819.0,15.0,Hyderabad,Credit Card,2023-07-22
1081,2508,Laptop,Electronics,2.0,,7.0,Mumbai,UPI,2023-10-09
1082,2775,Watch,Fashion,4.0,19739.0,32.0,Hyderabad,Credit Card,2023-12-20
1083,2942,Shoes,Electronics,2.0,11977.0,48.0,Pune,UPI,2023-05-13
1084,2034,Mic,Accessories,1.0,34596.0,11.0,Hyderabad,Credit Card,2023-10-06
1085,2205,Keyboard,Fashion,2.0,30573.0,10.0,Mumbai,UPI,2023-09-14
1086,2080,Laptop,Electronics,2.0,,4.0,Chennai,COD,2023-03-26
1087,2931,Mic,Gadgets,4.0,6231.0,26.0,Chennai,Credit Card,2023-03-30
1088,2561,Laptop,Gadgets,2.0,28197.0,11.0,Bangalore,Credit Card,2023-04-18
1089,2871,Shoes,Electronics,4.0,6639.0,16.0,Hyderabad,Debit Card,2023-04-04
1090,2387,Keyboard,Gadgets,1.0,22985.0,5.0,Mumbai,Debit Card,2023-06-11
1091,2001,Watch,Gadgets,,13592.0,32.0,Hyderabad,UPI,2023-06-05
1092,2389,Phone,Gadgets,4.0,28869.0,4.0,Delhi,Credit Card,2023-02-01
1093,2565,Backpack,Fashion,3.0,29139.0,27.0,Pune,UPI,2023-01-11
1094,2105,Watch,Gadgets,2.0,2482.0,13.0,Hyderabad,COD,2023-03-21
1095,2771,Phone,Gadgets,1.0,,4.0,Hyderabad,Debit Card,2023-11-03
1096,2821,Headphones,Gadgets,4.0,,32.0,Chennai,UPI,2023-06-21
1097,2476,TV,Fashion,1.0,24564.0,,Pune,UPI,2023-06-09
1098,2702,Camera,Electronics,3.0,2198.0,47.0,Mumbai,Debit Card,2023-08-08
1099,2401,Camera,Accessories,2.0,31905.0,40.0,Hyderabad,Credit Card,2023-12-17
1100,2729,Backpack,Gadgets,4.0,38444.0,18.0,Chennai,UPI,2023-09-18
1101,2555,Keyboard,Electronics,2.0,9628.0,21.0,Bangalore,Debit Card,2023-10-24
1102,2161,Shoes,Gadgets,,37637.0,4.0,Pune,,2023-01-17
1103,2201,Keyboard,Fashion,3.0,12536.0,1.0,Chennai,COD,2023-08-25
1104,2957,Shoes,Electronics,1.0,9542.0,29.0,Chennai,Debit Card,2023-03-23
1105,2995,Keyboard,Fashion,4.0,40032.0,46.0,Chennai,UPI,2023-11-11
1106,2269,TV,Gadgets,1.0,7646.0,38.0,Hyderabad,,2023-12-02
1107,2862,Headphones,Gadgets,3.0,38592.0,3.0,Hyderabad,Credit Card,2023-11-09
1108,2815,Headphones,Fashion,2.0,,32.0,Bangalore,,2023-04-30
1109,2270,Phone,Accessories,1.0,34787.0,12.0,Delhi,Debit Card,2023-07-29
1110,2455,Mic,Fashion,1.0,10716.0,19.0,Delhi,Debit Card,2023-03-14
1111,2461,Headphones,Gadgets,,13949.0,6.0,Delhi,Debit Card,2023-12-18
1112,2726,Headphones,Fashion,1.0,17714.0,14.0,Pune,Credit Card,2023-06-03
1113,2251,Watch,Accessories,,35626.0,22.0,Pune,COD,2023-07-29
1114,2701,Watch,Fashion,4.0,36468.0,13.0,Bangalore,Credit Card,2023-08-04
1115,2295,Phone,Accessories,2.0,25150.0,22.0,Pune,UPI,2023-10-29
1116,2724,Mic,Accessories,4.0,35088.0,18.0,Delhi,Credit Card,2023-08-16
1117,2719,Backpack,Fashion,2.0,36988.0,,Delhi,UPI,2023-09-13
1118,2748,Watch,Fashion,3.0,,19.0,Chennai,,2023-12-27
1119,2337,Backpack,Electronics,3.0,,28.0,Pune,Debit Card,2023-02-10
1120,2878,Laptop,Gadgets,4.0,28211.0,23.0,Hyderabad,Debit Card,2023-04-01
1121,2052,Watch,Accessories,4.0,43049.0,17.0,Hyderabad,Credit Card,2023-07-22
1122,2791,TV,Electronics,3.0,34791.0,9.0,Chennai,Debit Card,2023-09-15
1123,2921,Mic,Fashion,4.0,18058.0,40.0,Chennai,COD,2023-04-25
1124,2216,Phone,Gadgets,2.0,18826.0,7.0,Chennai,Debit Card,2023-08-07
1125,2763,Laptop,Electronics,2.0,13667.0,25.0,Hyderabad,Credit Card,2023-10-18
1126,2187,Mic,Accessories,3.0,39958.0,28.0,Delhi,COD,2023-12-07
1127,2379,TV,Electronics,1.0,3334.0,9.0,Chennai,UPI,2023-01-24
1128,2492,Mic,Accessories,2.0,16943.0,16.0,Bangalore,Credit Card,2023-02-08
1129,2040,TV,Fashion,4.0,15634.0,1.0,Chennai,UPI,2023-01-30
1130,2156,TV,Gadgets,1.0,47975.0,5.0,,COD,2023-10-10
1131,2014,Backpack,Gadgets,1.0,10433.0,4.0,Chennai,Credit Card,2023-01-22
1132,2812,Keyboard,Gadgets,2.0,49346.0,27.0,Hyderabad,Credit Card,2023-09-02
1133,2064,Laptop,Fashion,,1341.0,40.0,Pune,COD,2023-08-27
1134,2856,Mic,Accessories,1.0,18219.0,4.0,Chennai,Debit Card,2023-02-05
1135,2838,Shoes,Fashion,1.0,20584.0,,Pune,Credit Card,2023-04-20
1136,2520,Laptop,Gadgets,3.0,,25.0,Mumbai,Credit Card,2023-05-20
1137,2343,Keyboard,Fashion,4.0,45934.0,19.0,Bangalore,UPI,2023-03-17
1138,2128,Laptop,Fashion,,,40.0,Pune,Debit Card,2023-12-08
1139,2647,Headphones,Fashion,2.0,23167.0,48.0,Delhi,UPI,2023-06-15
1140,2471,Shoes,Accessories,3.0,40803.0,26.0,,UPI,2023-05-17
1141,2062,Keyboard,Electronics,3.0,11372.0,48.0,Mumbai,Debit Card,2023-07-26
1142,2138,Backpack,Electronics,3.0,16590.0,11.0,Mumbai,Debit Card,2023-04-04
1143,2498,Mic,Fashion,3.0,3467.0,,Pune,COD,2023-11-15
1144,2592,Camera,Electronics,4.0,39532.0,2.0,Bangalore,Debit Card,2023-05-14
1145,2391,Keyboard,Electronics,4.0,26367.0,9.0,Hyderabad,Credit Card,2023-11-05
1146,2674,Phone,Fashion,1.0,21512.0,33.0,Chennai,Debit Card,2023-02-17
1147,2418,Mic,Fashion,2.0,28040.0,24.0,Mumbai,COD,2023-07-10
1148,2288,Keyboard,Gadgets,3.0,19190.0,34.0,Bangalore,COD,2023-06-08
1149,2378,Headphones,Electronics,1.0,44379.0,15.0,Delhi,COD,2023-03-15
1150,2772,Camera,Accessories,1.0,6106.0,1.0,Mumbai,Debit Card,2023-10-08
1151,2489,Headphones,Fashion,1.0,48996.0,23.0,,Debit Card,2023-01-23
1152,2230,Camera,Gadgets,4.0,40579.0,9.0,Hyderabad,,2023-09-12
1153,2040,Phone,Accessories,3.0,17497.0,37.0,,UPI,2023-06-12
1154,2027,Mic,Electronics,3.0,2211.0,21.0,Mumbai,Credit Card,2023-11-16
1155,2134,Backpack,Gadgets,2.0,44214.0,25.0,Mumbai,UPI,2023-12-14
1156,2200,Headphones,Fashion,3.0,,42.0,Pune,Credit Card,2023-06-06
1157,2839,Headphones,Accessories,3.0,11938.0,38.0,Chennai,COD,2023-02-07
1158,2779,TV,Fashion,1.0,28997.0,26.0,Bangalore,UPI,2023-10-30
1159,2929,Camera,Electronics,2.0,47698.0,28.0,Mumbai,,2023-05-16
1160,2032,Watch,Accessories,,11320.0,46.0,Chennai,UPI,2023-11-13
1161,2047,Mic,Electronics,4.0,8967.0,37.0,Pune,Credit Card,2023-12-17
1162,2502,Camera,Electronics,3.0,23052.0,19.0,,UPI,2023-04-12
1163,2406,TV,Gadgets,1.0,13903.0,26.0,Mumbai,COD,2023-12-16
1164,2573,Laptop,Fashion,4.0,1129.0,40.0,Hyderabad,Debit Card,2023-01-25
1165,2727,Camera,Accessories,1.0,12151.0,19.0,Bangalore,Credit Card,2023-11-13
1166,2804,Backpack,Electronics,3.0,26239.0,43.0,Bangalore,Debit Card,2023-04-07
1167,2098,Mic,Electronics,4.0,48813.0,18.0,Hyderabad,Debit Card,2023-11-15
1168,2683,TV,Accessories,2.0,29704.0,19.0,Mumbai,Credit Card,2023-04-10
1169,2871,Laptop,Electronics,2.0,17638.0,,Bangalore,Debit Card,2023-01-03
1170,2725,Shoes,Gadgets,4.0,48715.0,46.0,Mumbai,Debit Card,2023-06-02
1171,2986,TV,Gadgets,4.0,5944.0,1.0,Pune,UPI,2023-12-04
1172,2546,Shoes,Gadgets,1.0,18484.0,29.0,Mumbai,Debit Card,2023-10-28
1173,2960,Mic,Gadgets,4.0,42617.0,33.0,Chennai,Debit Card,2023-08-17
1174,2738,Headphones,Electronics,1.0,39948.0,21.0,,Debit Card,2023-01-01
1175,2612,TV,Accessories,3.0,7269.0,2.0,Mumbai,Debit Card,2023-02-14
1176,2942,Phone,Accessories,1.0,42559.0,5.0,Pune,,2023-12-07
1177,2461,Shoes,Accessories,4.0,19999.0,14.0,Delhi,,2023-03-12
1178,2642,Backpack,Accessories,4.0,33410.0,26.0,Hyderabad,UPI,2023-04-13
1179,2768,Phone,Fashion,3.0,28426.0,9.0,,Debit Card,2023-07-31
1180,2004,Keyboard,Accessories,4.0,4852.0,8.0,Chennai,Debit Card,2023-02-09
1181,2217,Keyboard,Fashion,4.0,24523.0,32.0,Bangalore,,2023-12-06
1182,2502,Laptop,Fashion,2.0,42338.0,31.0,Pune,COD,2023-07-19
1183,2766,Headphones,Gadgets,2.0,7797.0,47.0,Pune,Debit Card,2023-06-29
1184,2397,Mic,Fashion,3.0,47293.0,5.0,Bangalore,Credit Card,2023-08-05
1185,2870,TV,Electronics,1.0,37426.0,40.0,Hyderabad,UPI,2023-08-05
1186,2794,Watch,Fashion,2.0,6791.0,35.0,Bangalore,UPI,2023-02-12
1187,2392,Backpack,Gadgets,1.0,49314.0,1.0,Mumbai,,2023-04-07
1188,2206,Shoes,Fashion,4.0,26033.0,28.0,Bangalore,Debit Card,2023-01-21
1189,2014,Mic,Electronics,2.0,12026.0,3.0,Chennai,COD,2023-05-19
1190,2857,Phone,Electronics,3.0,26617.0,0.0,Chennai,COD,2023-02-12
1191,2553,Keyboard,Electronics,3.0,,18.0,Delhi,Debit Card,2023-10-14
1192,2891,Backpack,Gadgets,3.0,14338.0,25.0,Chennai,Credit Card,2023-11-16
1193,2460,Watch,Gadgets,2.0,2369.0,24.0,Bangalore,COD,2023-09-01
1194,2690,TV,Accessories,1.0,18756.0,9.0,Chennai,Debit Card,2023-09-18
1195,2574,Laptop,Gadgets,4.0,22252.0,14.0,Hyderabad,COD,2023-05-21
1196,2863,Watch,Electronics,1.0,,21.0,Chennai,Debit Card,2023-02-07
1197,2742,Backpack,Electronics,1.0,8515.0,47.0,Mumbai,UPI,2023-07-23
1198,2240,Watch,Gadgets,4.0,8236.0,20.0,Hyderabad,,2023-09-10
1199,2563,Backpack,Fashion,4.0,31978.0,21.0,Delhi,UPI,2023-09-22
1200,2095,Backpack,Gadgets,2.0,27934.0,35.0,,COD,2023-03-28
1201,2899,Camera,Gadgets,2.0,,33.0,Bangalore,Debit Card,2023-10-06
1202,2733,Shoes,Electronics,2.0,,29.0,Bangalore,COD,2023-08-02
1203,2484,Keyboard,Accessories,2.0,985.0,24.0,Bangalore,,2023-01-11
1204,2406,Camera,Electronics,2.0,6339.0,44.0,Mumbai,Debit Card,2023-01-26
1205,2230,TV,Accessories,4.0,6544.0,27.0,Mumbai,COD,2023-11-22
1206,2748,Camera,Electronics,1.0,,0.0,Mumbai,UPI,2023-12-27
1207,2654,Headphones,Gadgets,2.0,25572.0,48.0,Hyderabad,COD,2023-10-03
1208,2170,Headphones,Electronics,2.0,20738.0,44.0,Pune,Credit Card,2023-05-01
1209,2540,Keyboard,Electronics,1.0,15173.0,3.0,Hyderabad,,2023-07-04
1210,2035,Watch,Electronics,2.0,5819.0,6.0,Bangalore,UPI,2023-04-01
1211,2524,Shoes,Gadgets,1.0,34904.0,48.0,Pune,UPI,2023-10-30
1212,2159,Keyboard,Gadgets,1.0,36775.0,8.0,,Debit Card,2023-08-07
1213,2838,Backpack,Gadgets,4.0,40119.0,35.0,Bangalore,Debit Card,2023-04-19
1214,2698,Phone,Gadgets,3.0,42461.0,18.0,Delhi,Debit Card,2023-01-12
1215,2242,Shoes,Accessories,4.0,45323.0,,Hyderabad,Credit Card,2023-09-07
1216,2085,Shoes,Accessories,3.0,27916.0,9.0,Mumbai,Credit Card,2023-10-10
1217,2795,Backpack,Fashion,,3436.0,35.0,Hyderabad,UPI,2023-08-12
1218,2577,Backpack,Gadgets,3.0,16048.0,8.0,Mumbai,Credit Card,2023-04-30
1219,2681,Laptop,Accessories,2.0,,44.0,Pune,COD,2023-03-02
1220,2556,Keyboard,Electronics,4.0,2132.0,45.0,Delhi,UPI,2023-11-16
1221,2573,Backpack,Gadgets,3.0,11113.0,41.0,Pune,UPI,2023-07-05
1222,2952,Headphones,Fashion,1.0,8756.0,31.0,Delhi,COD,2023-05-01
1223,2645,TV,Fashion,2.0,,31.0,Hyderabad,UPI,2023-08-07
1224,2795,Phone,Fashion,4.0,5698.0,5.0,Mumbai,Credit Card,2023-07-10
1225,2027,Keyboard,Electronics,3.0,10782.0,47.0,Pune,Debit Card,2023-10-02
1226,2619,Mic,Accessories,1.0,46833.0,37.0,Delhi,COD,2023-06-13
1227,2555,Headphones,Electronics,,9769.0,16.0,Bangalore,,2023-09-15
1228,2339,Watch,Gadgets,4.0,5057.0,9.0,Bangalore,COD,2023-09-26
1229,2797,Backpack,Fashion,2.0,540.0,49.0,Pune,COD,2023-07-22
1230,2957,Mic,Electronics,,44149.0,26.0,Mumbai,UPI,2023-05-28
1231,2330,Backpack,Electronics,2.0,16966.0,49.0,Pune,UPI,2023-01-09
1232,2639,Shoes,Accessories,3.0,26332.0,34.0,Hyderabad,Credit Card,2023-12-30
1233,2505,Headphones,Accessories,2.0,8691.0,20.0,Delhi,COD,2023-11-21
1234,2347,Shoes,Fashion,1.0,338.0,24.0,Hyderabad,UPI,2023-09-29
1235,2472,Laptop,Electronics,2.0,558.0,27.0,Bangalore,UPI,2023-01-29
1236,2230,Shoes,Electronics,1.0,9914.0,46.0,Delhi,COD,2023-03-06
1237,2189,Laptop,Accessories,2.0,20040.0,14.0,Pune,Credit Card,2023-05-09
1238,2224,Laptop,Electronics,4.0,34595.0,3.0,Hyderabad,Credit Card,2023-02-01
1239,2384,Mic,Electronics,3.0,30854.0,28.0,Chennai,,2023-12-18
1240,2376,Backpack,Electronics,1.0,26079.0,8.0,Mumbai,Credit Card,2023-11-15
1241,2282,Watch,Accessories,,16196.0,,Mumbai,UPI,2023-11-12
1242,2957,Shoes,Fashion,2.0,37972.0,25.0,,COD,2023-10-05
1243,2632,Headphones,Gadgets,,26962.0,18.0,Bangalore,UPI,2023-09-27
1244,2627,Laptop,Fashion,4.0,13483.0,27.0,Delhi,Debit Card,2023-03-17
1245,2972,Backpack,Gadgets,,,,Mumbai,Debit Card,2023-03-18
1246,2744,Phone,Electronics,1.0,19754.0,42.0,Chennai,Credit Card,2023-05-26
1247,2258,Keyboard,Fashion,1.0,20419.0,40.0,Pune,Debit Card,2023-06-19
1248,2358,Mic,Gadgets,4.0,35119.0,41.0,Chennai,UPI,2023-03-29
1249,2709,Watch,Accessories,1.0,9629.0,49.0,Bangalore,Debit Card,2023-12-22
1250,2455,Camera,Accessories,3.0,47040.0,19.0,Bangalore,UPI,2023-10-06
1251,2410,Mic,Fashion,3.0,44895.0,,,Credit Card,2023-01-22
1252,2648,Phone,Fashion,,,39.0,,Credit Card,2023-02-05
1253,2317,Keyboard,Electronics,1.0,19418.0,38.0,Hyderabad,UPI,2023-02-19
1254,2676,Phone,Fashion,2.0,12652.0,48.0,,Debit Card,2023-02-06
1255,2224,Shoes,Electronics,3.0,49180.0,22.0,Delhi,Credit Card,2023-04-29
1256,2818,Laptop,Electronics,4.0,19151.0,46.0,,COD,2023-03-24
1257,2233,Watch,Accessories,1.0,1507.0,31.0,Bangalore,Credit Card,2023-10-10
1258,2683,TV,Accessories,4.0,15052.0,46.0,Delhi,Debit Card,2023-12-09
1259,2663,Laptop,Gadgets,2.0,25432.0,32.0,,COD,2023-11-28
1260,2974,TV,Accessories,3.0,35628.0,45.0,Delhi,Debit Card,2023-05-10
1261,2826,Keyboard,Accessories,4.0,43371.0,4.0,Chennai,UPI,2023-04-13
1262,2373,Backpack,Fashion,4.0,26685.0,42.0,,COD,2023-05-26
1263,2671,Camera,Accessories,4.0,10438.0,,Pune,Debit Card,2023-02-09
1264,2607,Headphones,Gadgets,2.0,39175.0,33.0,Delhi,COD,2023-09-24
1265,2471,Laptop,Fashion,4.0,,39.0,Delhi,Debit Card,2023-01-12
1266,2232,Watch,Gadgets,2.0,,10.0,Hyderabad,COD,2023-11-04
1267,2691,Phone,Accessories,2.0,26621.0,49.0,,Debit Card,2023-10-07
1268,2112,Watch,Gadgets,2.0,1908.0,2.0,Bangalore,UPI,2023-01-28
1269,2829,Keyboard,Fashion,3.0,3830.0,32.0,Hyderabad,COD,2023-02-15
1270,2496,TV,Electronics,3.0,19795.0,10.0,Mumbai,,2023-05-06
1271,2441,Phone,Gadgets,4.0,10685.0,15.0,Chennai,COD,2023-08-23
1272,2563,Headphones,Gadgets,,,17.0,Pune,,2023-12-19
1273,2267,Headphones,Fashion,3.0,44989.0,29.0,Chennai,UPI,2023-07-18
1274,2509,Laptop,Fashion,1.0,26286.0,47.0,Mumbai,,2023-08-02
1275,2806,Keyboard,Gadgets,3.0,17059.0,9.0,Mumbai,Credit Card,2023-02-05
1276,2385,Backpack,Accessories,2.0,7884.0,17.0,Mumbai,UPI,2023-04-20
1277,2386,Keyboard,Gadgets,,25752.0,37.0,,Credit Card,2023-12-19
1278,2112,TV,Fashion,2.0,1407.0,18.0,Delhi,COD,2023-01-07
1279,2612,Watch,Electronics,4.0,46299.0,,Chennai,Debit Card,2023-05-07
1280,2624,Headphones,Electronics,1.0,2160.0,12.0,Delhi,Credit Card,2023-02-28
1281,2951,Watch,Accessories,4.0,757.0,45.0,Delhi,COD,2023-08-28
1282,2080,Watch,Gadgets,2.0,29889.0,2.0,Pune,,2023-10-27
1283,2698,Watch,Electronics,2.0,48851.0,9.0,Mumbai,COD,2023-06-22
1284,2112,Headphones,Gadgets,2.0,14093.0,37.0,,COD,2023-11-25
1285,2001,Mic,Fashion,1.0,32472.0,0.0,Pune,COD,2023-12-07
1286,2641,Shoes,Electronics,3.0,1082.0,26.0,Hyderabad,,2023-09-25
1287,2219,TV,Accessories,4.0,37729.0,45.0,Bangalore,Credit Card,2023-09-29
1288,2565,Mic,Fashion,4.0,,7.0,Delhi,UPI,2023-06-04
1289,2854,TV,Accessories,3.0,29735.0,45.0,Bangalore,UPI,2023-08-10
1290,2996,Phone,Fashion,4.0,13069.0,41.0,Mumbai,UPI,2023-02-09
1291,2735,Keyboard,Electronics,1.0,7366.0,16.0,Hyderabad,,2023-04-05
1292,2224,Keyboard,Accessories,4.0,13182.0,8.0,Mumbai,COD,2023-07-02
1293,2384,Camera,Accessories,2.0,40897.0,5.0,Hyderabad,Credit Card,2023-05-06
1294,2402,Keyboard,Fashion,3.0,38315.0,,Pune,Credit Card,2023-01-10
1295,2637,Headphones,Accessories,1.0,,24.0,Delhi,Debit Card,2023-10-28
1296,2129,Backpack,Fashion,3.0,,38.0,Hyderabad,Credit Card,2023-09-10
1297,2052,Laptop,Fashion,,13727.0,48.0,Hyderabad,Credit Card,2023-10-06
1298,2683,Camera,Fashion,2.0,2654.0,27.0,Hyderabad,Credit Card,2023-05-16
1299,2729,Laptop,Fashion,3.0,21078.0,32.0,Bangalore,Debit Card,2023-01-24
1300,2671,TV,Electronics,4.0,13191.0,36.0,Pune,UPI,2023-07-21
1301,2709,Laptop,Fashion,1.0,3008.0,,,,2023-01-11
1302,2415,Laptop,Gadgets,3.0,39610.0,17.0,Delhi,Debit Card,2023-12-25
1303,2246,Camera,Accessories,4.0,36793.0,20.0,Hyderabad,Debit Card,2023-12-14
1304,2835,Phone,Gadgets,3.0,36504.0,1.0,Pune,COD,2023-09-18
1305,2438,Watch,Electronics,3.0,30586.0,42.0,Pune,,2023-02-26
1306,2202,Keyboard,Gadgets,3.0,,,Chennai,UPI,2023-08-23
1307,2183,Keyboard,Accessories,1.0,4002.0,,Delhi,Credit Card,2023-11-25
1308,2122,Headphones,Gadgets,4.0,,35.0,,Debit Card,2023-02-15
1309,2400,Camera,Electronics,2.0,21283.0,49.0,Hyderabad,,2023-03-10
1310,2766,Headphones,Fashion,1.0,18554.0,42.0,Hyderabad,Debit Card,2023-09-06
1311,2293,Backpack,Gadgets,1.0,22390.0,36.0,,Debit Card,2023-04-29
1312,2279,Backpack,Electronics,1.0,6342.0,,Bangalore,Debit Card,2023-09-26
1313,2836,Headphones,Electronics,2.0,28598.0,27.0,Delhi,,2023-10-26
1314,2883,Camera,Accessories,4.0,42062.0,17.0,Hyderabad,Debit Card,2023-10-26
1315,2609,Headphones,Accessories,4.0,33332.0,33.0,,,2023-12-30
1316,2197,Keyboard,Gadgets,4.0,19703.0,21.0,Hyderabad,Credit Card,2023-03-11
1317,2981,Mic,Fashion,3.0,48656.0,10.0,Pune,Credit Card,2023-12-15
1318,2906,Shoes,Electronics,3.0,34831.0,12.0,Delhi,Credit Card,2023-02-02
1319,2510,Laptop,Gadgets,3.0,16699.0,3.0,Pune,Credit Card,2023-02-18
1320,2751,Shoes,Electronics,2.0,40052.0,21.0,Chennai,UPI,2023-08-17
1321,2143,Camera,Electronics,3.0,8216.0,6.0,Pune,COD,2023-07-07
1322,2608,Shoes,Fashion,2.0,2584.0,42.0,Pune,,2023-02-19
1323,2200,Backpack,Fashion,4.0,15272.0,23.0,Delhi,,2023-05-23
1324,2123,TV,Gadgets,3.0,36903.0,3.0,Pune,UPI,2023-10-21
1325,2186,Laptop,Fashion,3.0,46095.0,27.0,Delhi,Debit Card,2023-09-07
1326,2325,Watch,Fashion,1.0,14682.0,14.0,Chennai,Debit Card,2023-05-05
1327,2463,Camera,Gadgets,2.0,40710.0,0.0,Delhi,Debit Card,2023-12-21
1328,2348,Laptop,Fashion,,49133.0,2.0,Hyderabad,,2023-07-15
1329,2770,Shoes,Accessories,1.0,22026.0,13.0,Delhi,Debit Card,2023-09-04
1330,2659,Backpack,Electronics,1.0,2690.0,37.0,Chennai,COD,2023-07-07
1331,2763,Phone,Electronics,4.0,46292.0,49.0,Mumbai,Credit Card,2023-07-29
1332,2954,Mic,Electronics,1.0,25718.0,0.0,Pune,,2023-12-09
1333,2931,Watch,Electronics,2.0,24245.0,37.0,Delhi,Credit Card,2023-09-27
1334,2402,Mic,Gadgets,2.0,27110.0,37.0,Pune,COD,2023-06-03
1335,2345,Laptop,Electronics,,24766.0,20.0,Bangalore,Debit Card,2023-08-16
1336,2962,Backpack,Electronics,1.0,34105.0,47.0,Hyderabad,COD,2023-11-21
1337,2510,Backpack,Electronics,3.0,27303.0,28.0,Hyderabad,,2023-07-10
1338,2146,Shoes,Electronics,1.0,36388.0,4.0,Bangalore,COD,2023-01-31
1339,2147,Keyboard,Accessories,2.0,6045.0,48.0,Bangalore,Debit Card,2023-11-01
1340,2863,Shoes,Electronics,2.0,,9.0,Delhi,UPI,2023-08-14
1341,2710,Keyboard,Accessories,2.0,36874.0,27.0,Bangalore,Debit Card,2023-07-13
1342,2819,Keyboard,Gadgets,1.0,19537.0,20.0,Mumbai,COD,2023-07-27
1343,2488,Watch,Fashion,2.0,22513.0,49.0,Pune,Debit Card,2023-09-27
1344,2928,Shoes,Electronics,1.0,27143.0,6.0,Pune,COD,2023-04-20
1345,2935,Phone,Fashion,,,2.0,Chennai,UPI,2023-08-28
1346,2639,Headphones,Fashion,1.0,476.0,44.0,Bangalore,,2023-12-07
1347,2550,Headphones,Gadgets,,17811.0,46.0,Bangalore,UPI,2023-07-10
1348,2337,Shoes,Fashion,1.0,39305.0,19.0,Mumbai,UPI,2023-02-14
1349,2871,Shoes,Accessories,3.0,12144.0,18.0,Hyderabad,Credit Card,2023-02-16
1350,2640,Mic,Fashion,2.0,16106.0,34.0,Hyderabad,,2023-10-23
1351,2778,Watch,Fashion,3.0,20736.0,,Pune,Credit Card,2023-06-14
1352,2987,Shoes,Fashion,2.0,28010.0,,Pune,Debit Card,2023-03-12
1353,2952,Mic,Electronics,2.0,12506.0,0.0,Delhi,Debit Card,2023-09-14
1354,2472,Keyboard,Electronics,,10703.0,3.0,Mumbai,COD,2023-05-19
1355,2945,Backpack,Accessories,1.0,19425.0,11.0,Chennai,COD,2023-11-27
1356,2150,Backpack,Accessories,1.0,37176.0,26.0,Chennai,Credit Card,2023-03-30
1357,2414,Keyboard,Electronics,4.0,11790.0,41.0,Mumbai,UPI,2023-10-05
1358,2989,Camera,Accessories,,11086.0,,,Credit Card,2023-06-27
1359,2297,Mic,Electronics,4.0,13066.0,24.0,Hyderabad,Debit Card,2023-03-14
1360,2610,Mic,Gadgets,1.0,,20.0,,COD,2023-05-09
1361,2262,Keyboard,Fashion,1.0,3563.0,23.0,Chennai,Credit Card,2023-02-04
1362,2763,Phone,Fashion,2.0,32992.0,24.0,Mumbai,Credit Card,2023-09-23
1363,2143,TV,Accessories,4.0,,44.0,Mumbai,COD,2023-02-13
1364,2345,Laptop,Electronics,1.0,,45.0,Chennai,COD,2023-12-02
1365,2623,Keyboard,Electronics,4.0,42927.0,31.0,Bangalore,COD,2023-12-06
1366,2571,Shoes,Accessories,2.0,,31.0,Mumbai,Debit Card,2023-06-22
1367,2880,Shoes,Electronics,2.0,8268.0,4.0,Delhi,COD,2023-03-27
1368,2001,Watch,Gadgets,4.0,7495.0,,Delhi,UPI,2023-02-26
1369,2896,Keyboard,Fashion,2.0,41360.0,45.0,Hyderabad,Credit Card,2023-02-01
1370,2303,Watch,Accessories,3.0,,41.0,Chennai,COD,2023-01-06
1371,2253,Keyboard,Accessories,3.0,41416.0,48.0,Bangalore,COD,2023-11-02
1372,2651,Mic,Electronics,,20331.0,41.0,Hyderabad,Debit Card,2023-05-19
1373,2452,Laptop,Accessories,3.0,29418.0,38.0,Chennai,Debit Card,2023-02-24
1374,2036,Mic,Gadgets,,10633.0,15.0,Mumbai,Credit Card,2023-08-10
1375,2159,TV,Electronics,4.0,15238.0,32.0,Delhi,UPI,2023-10-25
1376,2008,Backpack,Electronics,1.0,,48.0,Pune,Credit Card,2023-07-04
1377,2232,Headphones,Electronics,4.0,11728.0,,Bangalore,COD,2023-09-05
1378,2098,Keyboard,Electronics,2.0,,,Pune,,2023-12-20
1379,2658,TV,Gadgets,1.0,,5.0,Delhi,UPI,2023-02-25
1380,2815,Backpack,Electronics,2.0,8805.0,44.0,Pune,UPI,2023-03-12
1381,2207,Camera,Accessories,,34982.0,34.0,Mumbai,UPI,2023-12-13
1382,2130,Laptop,Gadgets,4.0,1581.0,38.0,Chennai,Credit Card,2023-11-26
1383,2403,Watch,Fashion,4.0,1298.0,21.0,Mumbai,,2023-03-12
1384,2151,Watch,Fashion,4.0,20010.0,40.0,Pune,Debit Card,2023-03-09
1385,2053,Mic,Accessories,1.0,,4.0,Mumbai,COD,2023-04-23
1386,2119,Shoes,Accessories,3.0,42069.0,41.0,Delhi,Debit Card,2023-07-30
1387,2672,Backpack,Gadgets,4.0,33155.0,,Bangalore,Debit Card,2023-06-29
1388,2919,Camera,Fashion,4.0,44916.0,16.0,Mumbai,,2023-09-30
1389,2627,TV,Fashion,,10407.0,11.0,Delhi,Debit Card,2023-10-17
1390,2586,Laptop,Fashion,4.0,21993.0,22.0,Bangalore,COD,2023-09-05
1391,2624,Backpack,Fashion,1.0,2292.0,15.0,Chennai,Credit Card,2023-09-06
1392,2967,Camera,Fashion,2.0,28420.0,2.0,Pune,UPI,2023-02-16
1393,2419,Headphones,Electronics,4.0,18714.0,29.0,Chennai,Debit Card,2023-08-23
1394,2421,Keyboard,Accessories,4.0,38210.0,21.0,Hyderabad,Credit Card,2023-11-02
1395,2103,Watch,Electronics,2.0,8749.0,8.0,Delhi,Debit Card,2023-05-02
1396,2851,TV,Fashion,2.0,22231.0,28.0,Bangalore,Debit Card,2023-02-05
1397,2253,Watch,Gadgets,2.0,5385.0,46.0,Mumbai,UPI,2023-12-16
1398,2226,TV,Gadgets,4.0,,36.0,Chennai,UPI,2023-09-08
1399,2111,Mic,Fashion,3.0,,22.0,Bangalore,UPI,2023-01-01
1400,2509,Shoes,Fashion,3.0,12649.0,12.0,Delhi,Debit Card,2023-04-30
1401,2472,TV,Gadgets,3.0,24497.0,31.0,Hyderabad,Debit Card,2023-05-25
1402,2098,Watch,Electronics,4.0,40791.0,45.0,Chennai,Debit Card,2023-12-27
1403,2152,Mic,Electronics,2.0,,46.0,Pune,UPI,2023-10-12
1404,2860,TV,Fashion,4.0,40323.0,47.0,Bangalore,COD,2023-10-25
1405,2913,Headphones,Electronics,2.0,39433.0,22.0,Pune,Credit Card,2023-09-25
1406,2895,Shoes,Gadgets,,,44.0,Bangalore,,2023-07-07
1407,2877,TV,Electronics,4.0,46292.0,16.0,,Debit Card,2023-09-10
1408,2337,Mic,Fashion,2.0,10550.0,,Delhi,,2023-12-10
1409,2705,Backpack,Gadgets,3.0,30822.0,20.0,Delhi,COD,2023-01-10
1410,2821,Phone,Electronics,2.0,35523.0,1.0,Delhi,Debit Card,2023-01-27
1411,2162,Camera,Accessories,1.0,3151.0,,Mumbai,Credit Card,2023-08-10
1412,2719,Phone,Gadgets,1.0,17822.0,5.0,Bangalore,Debit Card,2023-12-07
1413,2956,Phone,Gadgets,2.0,,43.0,Chennai,Credit Card,2023-10-14
1414,2680,Laptop,Accessories,4.0,38654.0,17.0,Pune,COD,2023-07-13
1415,2995,Headphones,Accessories,1.0,36669.0,29.0,Delhi,COD,2023-02-02
1416,2160,Backpack,Gadgets,1.0,35748.0,21.0,Delhi,Debit Card,2023-11-09
1417,2579,Keyboard,Accessories,4.0,,,Pune,Credit Card,2023-07-18
1418,2800,TV,Fashion,4.0,28654.0,29.0,Pune,,2023-10-27
1419,2397,Camera,Fashion,,,16.0,Bangalore,,2023-01-28
1420,2276,Shoes,Fashion,4.0,15792.0,,Delhi,UPI,2023-06-23
1421,2815,Backpack,Gadgets,,22373.0,31.0,Pune,UPI,2023-11-03
1422,2915,Watch,Accessories,2.0,33404.0,41.0,Mumbai,,2023-05-01
1423,2503,Keyboard,Accessories,3.0,35796.0,13.0,,Debit Card,2023-02-08
1424,2895,Laptop,Electronics,1.0,34524.0,,,UPI,2024-01-01
1425,2391,Laptop,Electronics,1.0,46332.0,46.0,Pune,Credit Card,2023-11-28
1426,2134,Backpack,Accessories,4.0,24064.0,35.0,Bangalore,COD,2023-10-13
1427,2194,Mic,Accessories,2.0,48029.0,33.0,Bangalore,COD,2023-11-25
1428,2400,Phone,Accessories,1.0,,8.0,Bangalore,UPI,2023-07-24
1429,2639,Watch,Gadgets,3.0,10776.0,41.0,,UPI,2023-12-12
1430,2032,Laptop,Accessories,3.0,16766.0,27.0,Delhi,UPI,2023-11-02
1431,2687,Camera,Electronics,2.0,7390.0,10.0,Bangalore,Debit Card,2023-12-09
1432,2459,Laptop,Gadgets,3.0,23271.0,13.0,Mumbai,COD,2023-05-24
1433,2954,Shoes,Accessories,3.0,38533.0,38.0,Pune,UPI,2023-03-24
1434,2882,TV,Electronics,2.0,15569.0,46.0,Chennai,Credit Card,2023-06-27
1435,2469,Laptop,Gadgets,4.0,24235.0,18.0,Chennai,UPI,2023-01-31
1436,2374,Shoes,Accessories,4.0,1789.0,14.0,Bangalore,COD,2023-04-26
1437,2021,Backpack,Accessories,3.0,25435.0,27.0,,UPI,2023-01-01
1438,2749,Backpack,Accessories,4.0,359.0,23.0,Chennai,COD,2023-01-06
1439,2669,Keyboard,Gadgets,4.0,12345.0,7.0,Hyderabad,UPI,2023-11-01
1440,2037,Laptop,Electronics,3.0,15573.0,42.0,Mumbai,Credit Card,2023-02-12
1441,2229,Camera,Electronics,4.0,32121.0,8.0,Mumbai,UPI,2023-04-03
1442,2364,Laptop,Fashion,3.0,39523.0,46.0,Hyderabad,Credit Card,2023-10-20
1443,2562,Camera,Accessories,1.0,16437.0,32.0,Hyderabad,Credit Card,2023-07-04
1444,2437,Headphones,Fashion,2.0,42171.0,32.0,Chennai,UPI,2023-12-07
1445,2775,Keyboard,Fashion,,8444.0,18.0,Delhi,Credit Card,2023-09-26
1446,2282,Headphones,Electronics,4.0,14943.0,2.0,Pune,Debit Card,2023-06-21
1447,2026,Laptop,Gadgets,4.0,31766.0,9.0,Pune,UPI,2023-01-25
1448,2225,Keyboard,Gadgets,4.0,46301.0,39.0,,UPI,2023-06-30
1449,2276,Headphones,Electronics,2.0,46309.0,46.0,Pune,Credit Card,2023-07-13
1450,2797,Phone,Gadgets,1.0,18891.0,41.0,Hyderabad,Credit Card,2023-12-21
1451,2608,Laptop,Fashion,1.0,34196.0,0.0,Mumbai,UPI,2023-03-30
1452,2283,Headphones,Accessories,2.0,5790.0,28.0,Pune,Debit Card,2023-02-23
1453,2878,Phone,Electronics,1.0,5785.0,49.0,,Credit Card,2023-09-17
1454,2959,Phone,Accessories,2.0,9427.0,33.0,Delhi,Credit Card,2023-10-26
1455,2480,Backpack,Gadgets,1.0,28478.0,12.0,Chennai,COD,2023-04-27
1456,2452,Laptop,Accessories,3.0,39014.0,0.0,Bangalore,Debit Card,2023-08-19
1457,2828,Phone,Gadgets,3.0,12437.0,33.0,Chennai,Debit Card,2023-09-05
1458,2815,Backpack,Gadgets,,15849.0,28.0,Hyderabad,UPI,2023-08-28
1459,2658,Headphones,Fashion,1.0,,47.0,,Debit Card,2023-10-22
1460,2515,Shoes,Gadgets,4.0,8127.0,46.0,Mumbai,UPI,2023-05-05
1461,2546,Laptop,Fashion,1.0,45609.0,12.0,Pune,,2023-08-20
1462,2191,Keyboard,Fashion,3.0,48966.0,47.0,,Debit Card,2023-04-05
1463,2048,Camera,Fashion,,46354.0,48.0,Bangalore,Credit Card,2023-06-01
1464,2511,Camera,Electronics,1.0,7216.0,28.0,Hyderabad,COD,2023-02-09
1465,2016,Headphones,Electronics,1.0,,38.0,Chennai,UPI,2023-02-07
1466,2171,Mic,Gadgets,4.0,48888.0,23.0,Hyderabad,COD,2023-09-30
1467,2219,Mic,Fashion,4.0,,25.0,Hyderabad,UPI,2023-11-24
1468,2157,Headphones,Electronics,1.0,46720.0,,Bangalore,COD,2023-04-28
1469,2476,Phone,Fashion,1.0,,6.0,Chennai,UPI,2023-02-19
1470,2045,Laptop,Accessories,1.0,32097.0,12.0,Delhi,Debit Card,2023-02-13
1471,2372,Camera,Accessories,1.0,3367.0,4.0,Delhi,Credit Card,2023-05-19
1472,2517,Camera,Accessories,2.0,44957.0,25.0,Mumbai,UPI,2023-09-14
1473,2098,Phone,Gadgets,,27117.0,48.0,Pune,COD,2023-02-02
1474,2891,Camera,Fashion,4.0,22936.0,2.0,Hyderabad,UPI,2023-10-29
1475,2744,Keyboard,Accessories,3.0,28190.0,6.0,Mumbai,UPI,2023-10-27
1476,2036,Laptop,Electronics,2.0,14287.0,48.0,Bangalore,UPI,2023-11-25
1477,2279,TV,Accessories,1.0,,38.0,Delhi,COD,2023-05-28
1478,2348,Camera,Accessories,3.0,35405.0,0.0,,Credit Card,2023-12-29
1479,2496,Headphones,Accessories,,15475.0,48.0,Bangalore,Debit Card,2023-03-14
1480,2301,Keyboard,Gadgets,3.0,5476.0,16.0,Pune,Credit Card,2023-04-02
1481,2180,Camera,Electronics,1.0,41827.0,42.0,Bangalore,UPI,2023-11-23
1482,2606,Keyboard,Fashion,1.0,40786.0,24.0,Hyderabad,COD,2023-03-04
1483,2098,Backpack,Electronics,4.0,37696.0,2.0,Pune,Credit Card,2023-12-05
1484,2699,TV,Fashion,1.0,19208.0,14.0,,UPI,2023-05-24
1485,2992,Watch,Gadgets,1.0,5938.0,28.0,Pune,Debit Card,2023-10-03
1486,2115,Headphones,Gadgets,2.0,32602.0,42.0,Hyderabad,Debit Card,2023-07-03
1487,2190,Headphones,Gadgets,4.0,5993.0,,Hyderabad,Debit Card,2023-04-21
1488,2252,Laptop,Gadgets,2.0,37491.0,25.0,Pune,UPI,2023-04-04
1489,2980,Keyboard,Fashion,3.0,5771.0,15.0,,COD,2023-10-12
1490,2927,Phone,Accessories,1.0,31531.0,24.0,Mumbai,Credit Card,2023-09-10
1491,2982,Headphones,Fashion,3.0,16409.0,27.0,Bangalore,Debit Card,2023-05-31
1492,2160,Keyboard,Electronics,2.0,48214.0,8.0,Bangalore,UPI,2023-03-27
1493,2255,Keyboard,Gadgets,1.0,25594.0,0.0,Chennai,UPI,2023-07-07
1494,2322,Shoes,Gadgets,1.0,43348.0,28.0,Chennai,Credit Card,2023-07-11
1495,2127,Shoes,Electronics,2.0,25882.0,21.0,Chennai,Debit Card,2023-09-07
1496,2017,Watch,Fashion,2.0,2424.0,,Delhi,UPI,2023-06-24
1497,2792,Backpack,Accessories,2.0,,40.0,Delhi,Credit Card,2023-09-13
1498,2734,Watch,Accessories,2.0,48895.0,43.0,,,2023-08-30
1499,2565,Camera,Electronics,2.0,,40.0,Delhi,COD,2023-05-28
1500,2569,Phone,Accessories,1.0,43608.0,6.0,Hyderabad,COD,2023-08-16
1501,2322,Camera,Fashion,2.0,32641.0,13.0,,Debit Card,2023-02-25
1502,2871,Mic,Fashion,1.0,41630.0,28.0,Bangalore,Credit Card,2023-04-08
1503,2685,Camera,Electronics,1.0,,18.0,Mumbai,Credit Card,2023-11-22
1504,2791,Laptop,Fashion,2.0,34916.0,18.0,,UPI,2023-12-26
1505,2625,Camera,Gadgets,,45059.0,1.0,Bangalore,,2023-02-07
1506,2287,Watch,Electronics,4.0,26786.0,40.0,Bangalore,UPI,2023-09-07
1507,2942,Headphones,Fashion,1.0,,44.0,,Credit Card,2023-03-14
1508,2853,Headphones,Electronics,,23678.0,14.0,Chennai,UPI,2023-06-19
1509,2662,Shoes,Accessories,2.0,6518.0,2.0,Chennai,Credit Card,2023-03-03
1510,2961,Phone,Fashion,,28894.0,10.0,Hyderabad,Credit Card,2023-06-27
1511,2638,Phone,Gadgets,4.0,20380.0,45.0,Chennai,COD,2023-11-17
1512,2154,Laptop,Fashion,4.0,12380.0,29.0,,UPI,2023-07-16
1513,2489,Watch,Electronics,3.0,33202.0,39.0,Chennai,COD,2023-07-11
1514,2385,Shoes,Electronics,1.0,15572.0,17.0,Delhi,Debit Card,2023-06-20
1515,2985,Mic,Fashion,3.0,29996.0,,Chennai,Debit Card,2023-07-17
1516,2784,Phone,Gadgets,2.0,24627.0,1.0,Bangalore,,2023-03-24
1517,2103,Headphones,Gadgets,4.0,33490.0,,Pune,Credit Card,2023-10-09
1518,2928,Camera,Gadgets,4.0,28299.0,7.0,,Credit Card,2023-10-11
1519,2392,Camera,Electronics,3.0,45686.0,,,Credit Card,2023-05-02
1520,2810,Shoes,Fashion,4.0,10021.0,5.0,Chennai,UPI,2023-06-05
1521,2245,Watch,Accessories,2.0,6032.0,11.0,Bangalore,COD,2023-10-02
1522,2175,Watch,Electronics,4.0,13020.0,46.0,Mumbai,Credit Card,2023-01-18
1523,2038,Backpack,Gadgets,3.0,16411.0,39.0,Mumbai,COD,2023-05-27
1524,2476,TV,Fashion,2.0,40090.0,35.0,Delhi,,2023-02-06
1525,2681,Phone,Gadgets,3.0,6042.0,14.0,Mumbai,COD,2023-02-20
1526,2758,Watch,Accessories,4.0,1516.0,27.0,Pune,UPI,2023-09-17
1527,2537,Headphones,Gadgets,3.0,46168.0,48.0,Bangalore,UPI,2023-10-22
1528,2866,Shoes,Gadgets,3.0,17708.0,44.0,Bangalore,Debit Card,2023-07-06
1529,2817,Mic,Accessories,1.0,,17.0,Chennai,Debit Card,2023-12-22
1530,2920,Backpack,Fashion,4.0,15406.0,1.0,Chennai,COD,2023-04-19
1531,2407,Keyboard,Electronics,4.0,19171.0,12.0,Chennai,Debit Card,2023-05-11
1532,2524,Laptop,Fashion,3.0,25799.0,44.0,Pune,COD,2023-10-19
1533,2827,Mic,Accessories,1.0,22256.0,14.0,Mumbai,UPI,2023-05-13
1534,2505,Keyboard,Gadgets,4.0,1578.0,19.0,,UPI,2023-08-30
1535,2902,Camera,Fashion,2.0,1719.0,,Delhi,,2023-09-10
1536,2824,Laptop,Electronics,,22361.0,,Pune,,2023-12-13
1537,2035,Phone,Accessories,4.0,40903.0,28.0,Chennai,COD,2023-03-07
1538,2684,Headphones,Fashion,2.0,39061.0,2.0,Hyderabad,UPI,2023-05-26
1539,2019,Laptop,Electronics,4.0,5555.0,18.0,,COD,2023-09-23
1540,2320,TV,Accessories,2.0,9283.0,2.0,Hyderabad,Debit Card,2023-02-21
1541,2775,Keyboard,Electronics,3.0,38542.0,13.0,,Debit Card,2023-01-14
1542,2511,Phone,Accessories,4.0,20656.0,39.0,Delhi,UPI,2023-07-12
1543,2399,TV,Gadgets,4.0,13524.0,3.0,Delhi,COD,2023-03-13
1544,2653,Camera,Fashion,1.0,2457.0,10.0,Bangalore,UPI,2023-01-24
1545,2971,TV,Electronics,,27564.0,30.0,Mumbai,Debit Card,2023-11-19
1546,2882,Backpack,Accessories,2.0,25172.0,42.0,,UPI,2023-07-24
1547,2470,Backpack,Electronics,4.0,46379.0,,Pune,COD,2023-11-23
1548,2142,Shoes,Electronics,4.0,26854.0,26.0,,Debit Card,2023-01-01
1549,2091,Mic,Fashion,2.0,15433.0,29.0,Mumbai,Credit Card,2023-04-30
1550,2353,Mic,Gadgets,3.0,16087.0,42.0,Delhi,Debit Card,2023-01-23
1551,2833,Phone,Electronics,1.0,29520.0,1.0,Pune,Credit Card,2023-07-05
1552,2799,Camera,Accessories,1.0,21008.0,48.0,Pune,UPI,2023-11-25
1553,2726,Watch,Accessories,4.0,30354.0,8.0,,UPI,2023-11-26
1554,2958,Backpack,Gadgets,2.0,34973.0,27.0,Delhi,COD,2023-09-05
1555,2853,Phone,Accessories,4.0,27947.0,30.0,Mumbai,Credit Card,2023-09-24
1556,2050,Watch,Gadgets,2.0,11060.0,33.0,Mumbai,,2023-07-20
1557,2664,Mic,Accessories,1.0,43038.0,14.0,Delhi,,2023-03-25
1558,2697,Shoes,Fashion,3.0,42356.0,47.0,Delhi,UPI,2023-05-28
1559,2574,TV,Electronics,2.0,18356.0,,Delhi,Debit Card,2023-11-15
1560,2189,Backpack,Fashion,1.0,20560.0,35.0,Chennai,UPI,2023-01-02
1561,2124,Phone,Electronics,4.0,18335.0,7.0,Mumbai,COD,2023-07-21
1562,2149,Laptop,Electronics,2.0,25551.0,8.0,Pune,Debit Card,2023-05-18
1563,2313,Watch,Electronics,3.0,30699.0,36.0,Mumbai,COD,2023-10-20
1564,2569,TV,Fashion,4.0,47577.0,47.0,Chennai,Debit Card,2023-08-10
1565,2341,Backpack,Electronics,4.0,23754.0,44.0,Delhi,Credit Card,2023-08-07
1566,2304,Mic,Fashion,1.0,49331.0,38.0,Bangalore,COD,2023-06-25
1567,2691,Camera,Gadgets,2.0,19804.0,31.0,,UPI,2023-01-15
1568,2681,Watch,Accessories,4.0,17123.0,16.0,Delhi,Credit Card,2023-09-07
1569,2837,Mic,Accessories,3.0,47791.0,34.0,Chennai,UPI,2023-08-12
1570,2782,Backpack,Electronics,2.0,8747.0,36.0,Mumbai,Debit Card,2023-02-09
1571,2053,Watch,Fashion,,44483.0,,,Debit Card,2023-11-16
1572,2443,TV,Accessories,,,43.0,Mumbai,UPI,2023-04-25
1573,2612,Backpack,Fashion,3.0,14762.0,28.0,Hyderabad,UPI,2023-09-17
1574,2992,Keyboard,Fashion,1.0,7680.0,6.0,Pune,Credit Card,2023-01-01
1575,2263,Phone,Electronics,3.0,26872.0,27.0,Mumbai,UPI,2023-06-01
1576,2052,TV,Accessories,2.0,4413.0,8.0,Bangalore,COD,2023-07-15
1577,2571,Watch,Electronics,,10493.0,,Pune,COD,2023-12-29
1578,2619,Camera,Electronics,3.0,34641.0,5.0,Bangalore,UPI,2023-03-18
1579,2004,Mic,Accessories,1.0,2300.0,28.0,Delhi,COD,2023-05-29
1580,2102,Laptop,Accessories,3.0,44817.0,16.0,Pune,UPI,2023-11-05
1581,2195,Mic,Gadgets,3.0,28372.0,15.0,,Credit Card,2023-10-04
1582,2773,Watch,Gadgets,4.0,20332.0,22.0,Pune,COD,2023-04-09
1583,2876,Mic,Fashion,4.0,18399.0,30.0,Delhi,COD,2023-07-25
1584,2991,Phone,Accessories,2.0,36809.0,2.0,Chennai,UPI,2023-11-24
1585,2883,Backpack,Gadgets,4.0,43165.0,20.0,Bangalore,COD,2023-03-25
1586,2349,Laptop,Fashion,4.0,8216.0,25.0,Delhi,Debit Card,2023-02-17
1587,2046,Headphones,Fashion,4.0,39979.0,35.0,Chennai,Credit Card,2023-01-08
1588,2866,Watch,Fashion,4.0,37461.0,,Pune,Credit Card,2023-01-22
1589,2822,Shoes,Gadgets,1.0,32081.0,36.0,Pune,COD,2023-09-05
1590,2935,Headphones,Accessories,4.0,,21.0,Delhi,COD,2023-11-19
1591,2819,Mic,Electronics,1.0,24672.0,41.0,,Debit Card,2023-01-01
1592,2655,Watch,Fashion,1.0,41546.0,11.0,,Debit Card,2023-07-15
1593,2268,Keyboard,Gadgets,4.0,,41.0,,COD,2023-10-26
1594,2369,Shoes,Gadgets,3.0,35032.0,12.0,,COD,2023-03-30
1595,2635,Laptop,Electronics,1.0,36221.0,10.0,Mumbai,,2023-03-25
1596,2105,Camera,Electronics,3.0,24287.0,15.0,Hyderabad,UPI,2023-09-19
1597,2669,Keyboard,Gadgets,3.0,,7.0,,Debit Card,2023-11-14
1598,2658,Headphones,Accessories,4.0,31328.0,39.0,Chennai,UPI,2023-07-31
1599,2656,Backpack,Electronics,2.0,1601.0,,Pune,Credit Card,2023-09-25
1600,2119,Phone,Gadgets,4.0,19843.0,44.0,Pune,,2023-12-19
1601,2830,Camera,Electronics,2.0,15393.0,,Mumbai,Debit Card,2023-11-03
1602,2786,Keyboard,Accessories,2.0,27053.0,29.0,Hyderabad,UPI,2023-09-28
1603,2603,Backpack,Fashion,,45064.0,29.0,Mumbai,Debit Card,2023-07-13
1604,2057,Backpack,Electronics,,20507.0,11.0,Hyderabad,Debit Card,2023-06-17
1605,2950,Watch,Accessories,,37182.0,9.0,Mumbai,UPI,2023-11-02
1606,2345,Keyboard,Gadgets,4.0,19811.0,43.0,Bangalore,Debit Card,2023-12-01
1607,2740,Laptop,Electronics,2.0,43991.0,,Bangalore,Credit Card,2023-09-04
1608,2473,Mic,Electronics,3.0,12150.0,14.0,,COD,2023-08-20
1609,2116,Shoes,Gadgets,4.0,10904.0,15.0,Mumbai,COD,2023-05-20
1610,2829,Shoes,Fashion,3.0,43311.0,16.0,Pune,Debit Card,2023-08-17
1611,2790,Headphones,Gadgets,1.0,12067.0,25.0,Chennai,UPI,2023-03-26
1612,2126,Headphones,Electronics,3.0,2945.0,1.0,Delhi,UPI,2023-11-03
1613,2392,Shoes,Gadgets,,4066.0,49.0,Pune,Credit Card,2023-09-05
1614,2907,Laptop,Accessories,2.0,32445.0,,Bangalore,UPI,2023-10-08
1615,2640,Phone,Gadgets,,44924.0,25.0,Mumbai,UPI,2023-03-12
1616,2057,TV,Electronics,,6018.0,22.0,,Credit Card,2023-12-16
1617,2633,Mic,Gadgets,2.0,49061.0,17.0,Mumbai,Debit Card,2023-01-17
1618,2512,Phone,Fashion,1.0,,31.0,Bangalore,COD,2023-10-22
1619,2750,Watch,Gadgets,4.0,15693.0,48.0,,Credit Card,2023-05-01
1620,2801,TV,Fashion,1.0,28238.0,37.0,Bangalore,,2023-09-01
1621,2095,TV,Accessories,3.0,20647.0,46.0,Hyderabad,Credit Card,2023-08-28
1622,2637,Keyboard,Fashion,4.0,30631.0,2.0,Bangalore,Debit Card,2023-08-03
1623,2117,Laptop,Gadgets,,18108.0,37.0,Mumbai,Credit Card,2023-11-08
1624,2559,Laptop,Electronics,1.0,29536.0,2.0,Chennai,Debit Card,2023-08-01
1625,2600,TV,Fashion,4.0,41192.0,29.0,Bangalore,Credit Card,2023-09-29
1626,2487,Keyboard,Accessories,,4225.0,0.0,Pune,Debit Card,2023-12-13
1627,2236,Mic,Fashion,4.0,20293.0,29.0,Chennai,Credit Card,2023-07-16
1628,2884,TV,Fashion,3.0,6355.0,44.0,Hyderabad,COD,2023-07-18
1629,2896,Camera,Fashion,1.0,46807.0,,Delhi,COD,2023-01-05
1630,2271,Headphones,Accessories,4.0,33687.0,27.0,Delhi,UPI,2023-10-25
1631,2188,Headphones,Gadgets,2.0,47858.0,20.0,Chennai,Debit Card,2023-08-24
1632,2998,Phone,Fashion,2.0,21163.0,45.0,Delhi,Credit Card,2023-11-24
1633,2703,Watch,Fashion,2.0,21136.0,12.0,,Debit Card,2023-01-26
1634,2446,Headphones,Electronics,,4626.0,26.0,Chennai,COD,2023-02-22
1635,2580,Backpack,Accessories,3.0,23503.0,35.0,Mumbai,Debit Card,2023-03-27
1636,2789,Phone,Fashion,4.0,45480.0,6.0,Bangalore,Credit Card,2023-10-27
1637,2860,Headphones,Accessories,1.0,27806.0,21.0,Bangalore,Debit Card,2023-12-25
1638,2246,Watch,Fashion,4.0,48032.0,9.0,Bangalore,Credit Card,2023-01-14
1639,2962,Laptop,Gadgets,3.0,28351.0,38.0,,COD,2023-12-02
1640,2075,Laptop,Gadgets,2.0,13967.0,14.0,Hyderabad,COD,2023-09-23
1641,2153,Mic,Fashion,,11508.0,14.0,Pune,COD,2023-03-29
1642,2655,TV,Gadgets,4.0,44445.0,3.0,Delhi,UPI,2023-06-30
1643,2434,Camera,Fashion,1.0,45871.0,31.0,Chennai,COD,2023-06-24
1644,2996,Laptop,Gadgets,3.0,,22.0,Hyderabad,Debit Card,2023-04-09
1645,2085,Keyboard,Electronics,1.0,28772.0,5.0,Chennai,,2023-11-04
1646,2696,Headphones,Electronics,3.0,41648.0,23.0,Delhi,COD,2023-10-18
1647,2284,Keyboard,Electronics,1.0,2404.0,19.0,Mumbai,Debit Card,2023-04-13
1648,2973,Watch,Accessories,1.0,27433.0,36.0,Bangalore,Debit Card,2023-04-18
1649,2219,Laptop,Accessories,2.0,21929.0,19.0,,Debit Card,2023-06-29
1650,2068,Camera,Electronics,,31331.0,11.0,Mumbai,Credit Card,2023-02-18
1651,2046,Watch,Accessories,2.0,34070.0,32.0,Hyderabad,UPI,2023-08-07
1652,2093,Backpack,Gadgets,4.0,38211.0,27.0,Hyderabad,Debit Card,2023-07-11
1653,2749,Backpack,Fashion,4.0,39582.0,7.0,Chennai,Credit Card,2023-03-21
1654,2957,Keyboard,Fashion,2.0,49267.0,0.0,Mumbai,COD,2023-12-29
1655,2452,TV,Fashion,2.0,41675.0,36.0,,Debit Card,2023-11-20
1656,2203,Phone,Electronics,3.0,46881.0,21.0,Mumbai,Credit Card,2023-12-01
1657,2911,TV,Accessories,3.0,21807.0,5.0,Delhi,Debit Card,2023-08-31
1658,2217,Mic,Gadgets,3.0,25168.0,20.0,Bangalore,,2023-07-25
1659,2473,TV,Gadgets,4.0,33598.0,31.0,,UPI,2023-12-09
1660,2431,Mic,Electronics,3.0,12108.0,34.0,Bangalore,COD,2023-06-01
1661,2340,Mic,Gadgets,1.0,26623.0,14.0,Mumbai,Debit Card,2023-11-15
1662,2550,Camera,Gadgets,,43815.0,,Mumbai,Credit Card,2023-04-03
1663,2611,Laptop,Gadgets,3.0,9371.0,45.0,Chennai,COD,2023-01-30
1664,2288,Camera,Gadgets,,12921.0,49.0,Bangalore,,2023-05-31
1665,2253,Mic,Accessories,4.0,49629.0,47.0,Chennai,,2023-09-06
1666,2733,Watch,Gadgets,1.0,16816.0,5.0,Bangalore,Credit Card,2023-10-08
1667,2356,Backpack,Fashion,4.0,42712.0,,Chennai,,2023-12-20
1668,2022,Mic,Electronics,,38658.0,45.0,Chennai,COD,2023-06-03
1669,2761,Camera,Accessories,,46369.0,39.0,Delhi,COD,2023-10-15
1670,2521,Watch,Gadgets,2.0,7859.0,28.0,Chennai,Debit Card,2023-01-16
1671,2757,Camera,Accessories,2.0,43569.0,6.0,Mumbai,Credit Card,2023-09-14
1672,2836,TV,Gadgets,1.0,11904.0,39.0,Chennai,UPI,2023-06-22
1673,2099,Headphones,Fashion,3.0,32993.0,12.0,Bangalore,Debit Card,2023-10-15
1674,2801,Keyboard,Electronics,1.0,48352.0,37.0,Chennai,UPI,2023-11-09
1675,2179,Phone,Gadgets,4.0,46673.0,17.0,Hyderabad,UPI,2023-07-10
1676,2222,Camera,Gadgets,1.0,31426.0,,Pune,Debit Card,2023-05-19
1677,2905,Phone,Gadgets,1.0,24052.0,7.0,Bangalore,,2023-05-21
1678,2761,Shoes,Gadgets,4.0,32282.0,10.0,Hyderabad,Credit Card,2023-12-29
1679,2658,Camera,Electronics,2.0,22994.0,32.0,Bangalore,Credit Card,2023-01-24
1680,2441,Headphones,Electronics,2.0,41620.0,37.0,Mumbai,COD,2023-12-23
1681,2607,Phone,Fashion,2.0,13579.0,,Pune,UPI,2023-04-26
1682,2768,Mic,Electronics,3.0,7206.0,26.0,Pune,Credit Card,2023-09-27
1683,2324,Camera,Gadgets,4.0,,19.0,Mumbai,COD,2023-10-27
1684,2515,Laptop,Fashion,4.0,34040.0,,Pune,,2023-03-07
1685,2015,Keyboard,Fashion,1.0,,,Mumbai,Debit Card,2023-12-25
1686,2791,Headphones,Fashion,3.0,23291.0,30.0,Hyderabad,Credit Card,2023-09-01
1687,2335,Phone,Gadgets,2.0,33183.0,26.0,Delhi,UPI,2023-09-18
1688,2758,Headphones,Accessories,,24189.0,31.0,Bangalore,Credit Card,2023-09-16
1689,2257,Watch,Gadgets,4.0,10115.0,9.0,Mumbai,UPI,2023-05-14
1690,2496,Keyboard,Electronics,4.0,42752.0,2.0,Bangalore,Debit Card,2023-02-21
1691,2987,Mic,Electronics,,,44.0,Hyderabad,UPI,2023-12-03
1692,2895,Camera,Gadgets,1.0,24934.0,26.0,Delhi,Credit Card,2023-09-13
1693,2159,Camera,Gadgets,4.0,15024.0,34.0,Hyderabad,COD,2023-05-15
1694,2474,Camera,Fashion,2.0,36281.0,30.0,Pune,Debit Card,2023-06-29
1695,2851,Keyboard,Gadgets,2.0,11233.0,14.0,Bangalore,Credit Card,2023-10-20
1696,2663,Laptop,Fashion,3.0,42936.0,15.0,Delhi,Debit Card,2023-03-24
1697,2907,Shoes,Electronics,4.0,,12.0,Pune,Debit Card,2023-01-02
1698,2689,Backpack,Fashion,,6139.0,48.0,Delhi,Credit Card,2023-09-20
1699,2674,TV,Gadgets,2.0,47664.0,34.0,Pune,Credit Card,2023-09-30
1700,2379,Phone,Electronics,2.0,47762.0,,Hyderabad,COD,2023-07-20
1701,2544,Laptop,Accessories,4.0,35263.0,20.0,Mumbai,Debit Card,2023-10-30
1702,2928,Mic,Fashion,1.0,34664.0,10.0,Bangalore,Debit Card,2023-05-02
1703,2956,Phone,Electronics,4.0,11385.0,29.0,Chennai,Credit Card,2023-07-31
1704,2690,Camera,Fashion,4.0,27245.0,,Chennai,UPI,2023-11-19
1705,2426,Headphones,Electronics,2.0,44969.0,34.0,Hyderabad,Credit Card,2023-08-01
1706,2612,Mic,Electronics,2.0,47318.0,21.0,Bangalore,Debit Card,2023-01-03
1707,2267,Phone,Fashion,1.0,19367.0,37.0,Bangalore,Credit Card,2023-07-02
1708,2834,Camera,Accessories,1.0,36612.0,30.0,Hyderabad,COD,2023-07-03
1709,2576,Phone,Electronics,3.0,21825.0,13.0,Bangalore,UPI,2023-04-17
1710,2416,Headphones,Electronics,4.0,39388.0,23.0,Mumbai,Credit Card,2023-04-14
1711,2167,Camera,Electronics,2.0,27276.0,49.0,Hyderabad,COD,2023-11-07
1712,2841,Shoes,Accessories,1.0,44805.0,48.0,Mumbai,Debit Card,2023-04-28
1713,2042,Laptop,Accessories,3.0,19229.0,31.0,Bangalore,Credit Card,2023-04-21
1714,2555,Watch,Gadgets,3.0,23173.0,35.0,Hyderabad,,2023-02-06
1715,2284,TV,Fashion,2.0,39321.0,31.0,Bangalore,,2023-02-18
1716,2396,Keyboard,Accessories,2.0,31633.0,14.0,Hyderabad,Debit Card,2023-06-15
1717,2011,TV,Fashion,3.0,,,Bangalore,COD,2023-04-09
1718,2606,Mic,Gadgets,1.0,2132.0,34.0,Mumbai,COD,2023-10-22
1719,2301,TV,Fashion,3.0,44454.0,2.0,Mumbai,,2023-08-05
1720,2897,Camera,Accessories,4.0,1957.0,15.0,,Credit Card,2023-03-07
1721,2252,Shoes,Fashion,4.0,30922.0,4.0,Hyderabad,Debit Card,2023-09-04
1722,2498,Watch,Accessories,2.0,38053.0,20.0,Chennai,Debit Card,2023-09-01
1723,2753,Laptop,Fashion,,,,Mumbai,UPI,2023-05-07
1724,2034,Laptop,Accessories,1.0,1316.0,18.0,Mumbai,UPI,2023-12-16
1725,2726,Headphones,Accessories,4.0,43727.0,24.0,Pune,UPI,2023-07-31
1726,2848,Keyboard,Fashion,3.0,11891.0,3.0,Chennai,UPI,2023-03-17
1727,2089,Phone,Gadgets,2.0,692.0,28.0,Bangalore,Debit Card,2024-01-01
1728,2775,Shoes,Electronics,3.0,28082.0,18.0,Hyderabad,COD,2023-05-13
1729,2604,Phone,Gadgets,3.0,9011.0,42.0,Pune,COD,2023-11-13
1730,2921,Watch,Fashion,,28008.0,1.0,Bangalore,Credit Card,2023-04-13
1731,2969,TV,Gadgets,1.0,24472.0,9.0,Delhi,COD,2023-12-13
1732,2601,Laptop,Accessories,4.0,28599.0,42.0,Mumbai,Debit Card,2023-09-24
1733,2417,Watch,Electronics,1.0,6674.0,24.0,Delhi,Debit Card,2023-09-17
1734,2114,TV,Fashion,,27156.0,19.0,Mumbai,Debit Card,2023-12-26
1735,2616,Laptop,Fashion,2.0,47353.0,47.0,Mumbai,Credit Card,2023-03-07
1736,2902,TV,Fashion,2.0,42706.0,18.0,Delhi,UPI,2023-10-19
1737,2195,Keyboard,Electronics,3.0,14179.0,22.0,Delhi,COD,2023-01-18
1738,2825,Shoes,Accessories,4.0,44723.0,23.0,Bangalore,Debit Card,2023-04-08
1739,2500,Mic,Fashion,4.0,,10.0,,Debit Card,2023-12-18
1740,2625,Watch,Gadgets,4.0,28528.0,,Pune,UPI,2023-05-31
1741,2492,Watch,Fashion,3.0,47575.0,33.0,Delhi,Debit Card,2023-07-30
1742,2074,Backpack,Fashion,3.0,13067.0,27.0,Bangalore,COD,2023-09-20
1743,2412,Camera,Fashion,2.0,26051.0,4.0,Pune,Credit Card,2023-07-23
1744,2375,Keyboard,Fashion,1.0,31479.0,4.0,Bangalore,,2023-10-06
1745,2419,Keyboard,Accessories,4.0,,,Bangalore,COD,2023-10-18
1746,2728,Phone,Gadgets,4.0,8066.0,11.0,Mumbai,Debit Card,2023-03-21
1747,2276,TV,Accessories,,15649.0,49.0,Pune,UPI,2023-03-17
1748,2760,Camera,Gadgets,4.0,10885.0,,Pune,Debit Card,2023-07-30
1749,2675,Shoes,Fashion,,23744.0,48.0,Mumbai,Debit Card,2023-07-13
1750,2393,Shoes,Electronics,3.0,5651.0,41.0,Delhi,Credit Card,2023-05-03
1751,2868,Keyboard,Accessories,4.0,,19.0,Mumbai,UPI,2023-09-08
1752,2456,Shoes,Electronics,3.0,41516.0,37.0,Pune,,2023-09-09
1753,2919,Backpack,Accessories,3.0,40154.0,24.0,Pune,Credit Card,2023-04-30
1754,2191,Watch,Fashion,4.0,39070.0,13.0,Delhi,Debit Card,2023-06-19
1755,2738,Headphones,Accessories,2.0,31230.0,10.0,Mumbai,COD,2023-03-07
1756,2688,Mic,Fashion,1.0,31073.0,31.0,Hyderabad,UPI,2023-01-18
1757,2098,Phone,Accessories,3.0,819.0,10.0,Hyderabad,UPI,2023-05-27
1758,2547,TV,Fashion,2.0,33850.0,17.0,Delhi,Debit Card,2023-09-24
1759,2977,Mic,Fashion,3.0,25572.0,26.0,Mumbai,Debit Card,2023-12-05
1760,2998,TV,Gadgets,3.0,,17.0,Mumbai,UPI,2023-04-22
1761,2095,Laptop,Fashion,1.0,28201.0,22.0,,Debit Card,2023-10-26
1762,2663,Mic,Gadgets,3.0,34264.0,10.0,Pune,COD,2023-06-01
1763,2662,Headphones,Fashion,1.0,29490.0,20.0,Chennai,UPI,2023-03-18
1764,2189,Keyboard,Electronics,1.0,14322.0,43.0,Delhi,COD,2023-01-06
1765,2735,Backpack,Fashion,1.0,25020.0,4.0,Chennai,COD,2023-06-08
1766,2036,Watch,Electronics,2.0,3095.0,,Chennai,Debit Card,2023-04-25
1767,2779,Watch,Electronics,,5566.0,40.0,,,2023-06-07
1768,2368,Backpack,Fashion,2.0,8911.0,24.0,Mumbai,Debit Card,2023-03-21
1769,2694,Camera,Electronics,4.0,19796.0,40.0,Delhi,Credit Card,2023-08-30
1770,2524,Laptop,Gadgets,4.0,18993.0,9.0,Chennai,Debit Card,2023-07-27
1771,2278,TV,Accessories,1.0,8399.0,21.0,Pune,COD,2023-04-23
1772,2216,Headphones,Fashion,3.0,10917.0,18.0,Pune,Credit Card,2023-07-11
1773,2866,Shoes,Electronics,1.0,36391.0,0.0,Pune,Debit Card,2023-05-26
1774,2872,Mic,Fashion,3.0,10411.0,6.0,Mumbai,COD,2023-06-22
1775,2797,Laptop,Gadgets,,45750.0,3.0,Hyderabad,UPI,2023-06-05
1776,2272,Mic,Fashion,1.0,23560.0,0.0,Delhi,,2023-05-05
1777,2880,Headphones,Fashion,3.0,21742.0,14.0,Pune,Debit Card,2023-05-02
1778,2061,Phone,Electronics,2.0,31512.0,39.0,Delhi,Debit Card,2023-05-28
1779,2595,Phone,Gadgets,3.0,45442.0,11.0,Pune,UPI,2023-04-08
1780,2879,Laptop,Accessories,1.0,36635.0,21.0,Mumbai,COD,2023-03-02
1781,2728,Keyboard,Accessories,,28447.0,21.0,Hyderabad,COD,2023-08-17
1782,2341,Headphones,Electronics,3.0,22557.0,49.0,Hyderabad,COD,2023-05-28
1783,2396,Headphones,Fashion,3.0,41245.0,46.0,Pune,Debit Card,2023-07-09
1784,2698,Backpack,Electronics,3.0,27891.0,,,Credit Card,2023-10-07
1785,2018,Keyboard,Electronics,3.0,12624.0,28.0,Bangalore,Credit Card,2023-01-17
1786,2176,TV,Electronics,3.0,19052.0,45.0,,Credit Card,2023-12-23
1787,2611,TV,Fashion,2.0,,13.0,Delhi,Credit Card,2023-08-27
1788,2395,Shoes,Gadgets,4.0,18220.0,49.0,Chennai,Credit Card,2023-08-20
1789,2444,Watch,Electronics,2.0,8355.0,19.0,Mumbai,Debit Card,2023-04-04
1790,2232,Phone,Fashion,2.0,3783.0,49.0,Chennai,Debit Card,2023-06-07
1791,2914,TV,Gadgets,,,47.0,Pune,Credit Card,2023-06-27
1792,2075,Keyboard,Electronics,4.0,36977.0,32.0,Chennai,Debit Card,2023-11-01
1793,2264,Headphones,Accessories,,19910.0,42.0,Hyderabad,Debit Card,2023-09-06
1794,2454,TV,Gadgets,4.0,43378.0,14.0,Delhi,Credit Card,2023-07-03
1795,2795,Headphones,Electronics,2.0,24732.0,11.0,,COD,2023-08-09
1796,2717,TV,Gadgets,,18801.0,39.0,Hyderabad,Debit Card,2023-12-15
1797,2734,Phone,Gadgets,,5167.0,19.0,,,2023-09-26
1798,2383,Mic,Gadgets,2.0,18953.0,29.0,Chennai,Debit Card,2023-01-25
1799,2563,TV,Gadgets,3.0,20222.0,37.0,Pune,Debit Card,2023-11-30
1800,2850,Keyboard,Gadgets,2.0,43663.0,2.0,Pune,,2023-03-02
1801,2505,TV,Gadgets,3.0,9335.0,27.0,Pune,Debit Card,2023-12-15
1802,2366,Watch,Electronics,4.0,5922.0,25.0,,UPI,2023-05-26
1803,2143,Phone,Accessories,1.0,27613.0,,Chennai,UPI,2023-03-07
1804,2884,Keyboard,Fashion,1.0,27436.0,12.0,Mumbai,,2023-03-29
1805,2068,Backpack,Gadgets,,15714.0,,Chennai,,2023-04-26
1806,2098,Keyboard,Fashion,4.0,44096.0,,Delhi,,2023-02-14
1807,2395,Watch,Electronics,2.0,,36.0,Hyderabad,COD,2023-12-03
1808,2024,Mic,Gadgets,2.0,,48.0,Delhi,UPI,2023-04-27
1809,2947,Phone,Accessories,2.0,20531.0,37.0,Pune,COD,2023-06-06
1810,2890,Backpack,Fashion,3.0,18260.0,,Hyderabad,COD,2023-08-23
1811,2468,Watch,Gadgets,2.0,1396.0,35.0,Pune,Credit Card,2023-07-27
1812,2483,Watch,Electronics,4.0,,25.0,Bangalore,COD,2023-12-18
1813,2564,Laptop,Accessories,1.0,,10.0,Delhi,UPI,2023-01-07
1814,2150,Phone,Fashion,3.0,24016.0,7.0,Delhi,UPI,2023-08-27
1815,2143,Keyboard,Fashion,2.0,40895.0,43.0,Mumbai,UPI,2023-11-02
1816,2568,Headphones,Gadgets,3.0,19902.0,39.0,Chennai,Credit Card,2023-06-02
1817,2038,Mic,Accessories,,25442.0,42.0,Hyderabad,,2023-02-20
1818,2108,Headphones,Accessories,,2376.0,,Hyderabad,Debit Card,2023-06-16
1819,2692,Keyboard,Accessories,3.0,20327.0,19.0,Mumbai,COD,2023-01-21
1820,2041,Keyboard,Accessories,1.0,41760.0,,Mumbai,Credit Card,2023-04-07
1821,2185,Phone,Electronics,4.0,27428.0,28.0,Chennai,UPI,2023-01-14
1822,2934,Keyboard,Accessories,4.0,20408.0,39.0,Pune,,2023-07-20
1823,2397,Laptop,Fashion,1.0,28682.0,25.0,Chennai,Credit Card,2023-11-21
1824,2222,Backpack,Fashion,3.0,9371.0,29.0,Delhi,Credit Card,2023-01-15
1825,2633,Keyboard,Electronics,2.0,35419.0,16.0,Pune,Credit Card,2023-01-13
1826,2132,Headphones,Fashion,3.0,33596.0,19.0,Bangalore,Debit Card,2023-07-24
1827,2162,Keyboard,Fashion,1.0,42789.0,,Chennai,UPI,2023-06-22
1828,2214,Laptop,Accessories,3.0,40746.0,45.0,Mumbai,Debit Card,2023-11-20
1829,2732,TV,Fashion,4.0,3896.0,42.0,Pune,,2023-07-27
1830,2234,TV,Electronics,3.0,20258.0,6.0,Chennai,COD,2023-04-08
1831,2842,Watch,Accessories,1.0,20513.0,15.0,Hyderabad,UPI,2023-08-22
1832,2657,Mic,Gadgets,4.0,19349.0,,Bangalore,,2023-07-23
1833,2750,Shoes,Accessories,3.0,45940.0,46.0,Delhi,Credit Card,2023-03-04
1834,2587,Backpack,Electronics,3.0,41275.0,47.0,Hyderabad,Credit Card,2023-06-25
1835,2008,Camera,Accessories,,5156.0,26.0,Hyderabad,COD,2023-01-17
1836,2073,Watch,Accessories,,10395.0,,Bangalore,Debit Card,2023-10-02
1837,2953,Mic,Electronics,4.0,17276.0,23.0,,Credit Card,2023-02-13
1838,2491,TV,Accessories,2.0,,8.0,Mumbai,Credit Card,2023-07-10
1839,2912,Headphones,Electronics,1.0,15617.0,34.0,Pune,UPI,2023-11-09
1840,2252,Camera,Electronics,1.0,24929.0,19.0,,UPI,2023-10-31
1841,2229,Mic,Gadgets,4.0,,36.0,Chennai,Credit Card,2023-08-09
1842,2518,Mic,Fashion,4.0,30299.0,41.0,Hyderabad,UPI,2023-08-18
1843,2173,Watch,Fashion,1.0,,16.0,Chennai,COD,2023-03-26
1844,2652,Camera,Accessories,2.0,30161.0,46.0,Mumbai,Credit Card,2023-01-13
1845,2167,Phone,Accessories,1.0,12802.0,30.0,Chennai,,2023-10-24
1846,2169,Shoes,Gadgets,4.0,9456.0,7.0,,COD,2023-06-07
1847,2392,Phone,Gadgets,1.0,20784.0,14.0,Chennai,UPI,2023-10-22
1848,2945,Camera,Gadgets,4.0,47180.0,30.0,Mumbai,UPI,2023-11-07
1849,2794,Phone,Electronics,4.0,34881.0,29.0,Mumbai,UPI,2023-01-04
1850,2633,Laptop,Gadgets,1.0,25992.0,45.0,Mumbai,Credit Card,2023-05-12
1851,2193,TV,Gadgets,2.0,22104.0,19.0,Delhi,Debit Card,2023-05-20
1852,2516,Laptop,Accessories,3.0,43561.0,38.0,Mumbai,UPI,2023-10-25
1853,2028,Keyboard,Gadgets,1.0,34740.0,11.0,Hyderabad,COD,2023-06-23
1854,2164,Phone,Electronics,3.0,26736.0,,Mumbai,Credit Card,2023-11-29
1855,2421,Keyboard,Electronics,1.0,19364.0,,Chennai,Credit Card,2023-03-09
1856,2338,Headphones,Accessories,3.0,,41.0,,COD,2023-11-01
1857,2647,Backpack,Gadgets,2.0,,29.0,,UPI,2023-08-02
1858,2495,Headphones,Gadgets,2.0,46202.0,28.0,,Debit Card,2023-05-31
1859,2364,Camera,Electronics,1.0,22826.0,18.0,Chennai,UPI,2023-10-21
1860,2832,Mic,Gadgets,4.0,10721.0,45.0,Delhi,COD,2023-03-12
1861,2341,TV,Gadgets,3.0,43610.0,10.0,Chennai,Credit Card,2023-07-22
1862,2499,Phone,Gadgets,4.0,1332.0,33.0,Delhi,Debit Card,2023-10-13
1863,2656,Watch,Fashion,4.0,33667.0,,Delhi,Credit Card,2023-09-14
1864,2510,Backpack,Accessories,4.0,14734.0,6.0,Mumbai,COD,2023-03-06
1865,2326,Shoes,Fashion,2.0,24054.0,43.0,,UPI,2023-03-02
1866,2216,Shoes,Accessories,1.0,43198.0,33.0,Pune,,2023-11-11
1867,2300,Shoes,Electronics,1.0,39265.0,19.0,Mumbai,Credit Card,2023-11-22
1868,2131,Phone,Gadgets,2.0,45807.0,,Mumbai,Credit Card,2023-12-12
1869,2803,Shoes,Accessories,2.0,8012.0,37.0,Delhi,Credit Card,2023-09-20
1870,2069,Laptop,Fashion,1.0,4757.0,23.0,Delhi,UPI,2023-08-21
1871,2251,Backpack,Gadgets,4.0,2379.0,9.0,Pune,Debit Card,2023-09-26
1872,2414,Laptop,Electronics,3.0,43998.0,31.0,Chennai,UPI,2023-06-08
1873,2786,Mic,Accessories,3.0,,,Chennai,UPI,2023-08-26
1874,2444,Backpack,Accessories,3.0,8475.0,36.0,Mumbai,UPI,2023-12-18
1875,2875,Laptop,Accessories,4.0,48057.0,19.0,Bangalore,COD,2023-08-09
1876,2181,Backpack,Gadgets,1.0,36148.0,2.0,Bangalore,COD,2023-09-08
1877,2166,Mic,Fashion,2.0,20900.0,36.0,Chennai,,2023-03-26
1878,2090,Keyboard,Fashion,1.0,39664.0,39.0,Bangalore,Debit Card,2023-10-22
1879,2713,Phone,Accessories,4.0,42551.0,7.0,Chennai,UPI,2023-06-23
1880,2857,Phone,Electronics,2.0,,39.0,Delhi,UPI,2023-01-25
1881,2530,Shoes,Electronics,4.0,28983.0,43.0,Mumbai,COD,2023-08-29
1882,2038,Headphones,Fashion,,17198.0,22.0,Hyderabad,,2023-12-02
1883,2125,Shoes,Electronics,3.0,14069.0,39.0,Mumbai,UPI,2023-04-10
1884,2450,Camera,Fashion,,44725.0,10.0,Chennai,Credit Card,2023-04-22
1885,2172,Laptop,Accessories,2.0,28352.0,,Chennai,UPI,2023-07-12
1886,2652,Backpack,Fashion,2.0,21154.0,7.0,Mumbai,Credit Card,2023-12-11
1887,2753,Headphones,Fashion,1.0,31755.0,28.0,Pune,UPI,2023-03-08
1888,2219,Mic,Accessories,3.0,16854.0,29.0,Chennai,Debit Card,2023-03-13
1889,2637,Camera,Electronics,1.0,45226.0,9.0,Bangalore,COD,2023-10-10
1890,2057,Mic,Fashion,1.0,35436.0,,Bangalore,Credit Card,2023-03-10
1891,2659,Phone,Fashion,4.0,47176.0,27.0,Chennai,COD,2023-09-21
1892,2475,Phone,Accessories,4.0,15242.0,48.0,Chennai,Credit Card,2023-07-24
1893,2455,Shoes,Electronics,1.0,26166.0,35.0,Pune,Credit Card,2023-01-23
1894,2828,Laptop,Fashion,3.0,48607.0,12.0,Bangalore,,2023-09-10
1895,2894,Headphones,Accessories,4.0,,31.0,,Debit Card,2023-06-21
1896,2360,TV,Fashion,1.0,45295.0,35.0,Chennai,UPI,2023-08-01
1897,2934,Camera,Gadgets,1.0,14470.0,,Pune,Credit Card,2023-07-04
1898,2000,Camera,Accessories,,31108.0,25.0,Pune,Debit Card,2023-10-10
1899,2386,Shoes,Electronics,1.0,15723.0,21.0,Mumbai,Credit Card,2023-06-20
1900,2972,Phone,Electronics,1.0,,3.0,Pune,UPI,2023-05-29
1901,2347,Shoes,Electronics,,20191.0,30.0,Hyderabad,,2023-04-28
1902,2189,Backpack,Electronics,,10975.0,17.0,Bangalore,Debit Card,2023-12-12
1903,2504,Headphones,Fashion,3.0,12465.0,,Mumbai,UPI,2023-08-07
1904,2190,Laptop,Fashion,1.0,19659.0,23.0,Hyderabad,Debit Card,2023-10-06
1905,2507,Keyboard,Electronics,2.0,16873.0,22.0,,UPI,2023-11-04
1906,2368,Watch,Electronics,,27256.0,21.0,Chennai,UPI,2023-03-14
1907,2408,Watch,Electronics,4.0,6814.0,1.0,Mumbai,COD,2023-10-31
1908,2823,Shoes,Fashion,1.0,36220.0,30.0,Pune,COD,2023-01-27
1909,2928,Backpack,Electronics,4.0,7615.0,10.0,Chennai,COD,2023-03-12
1910,2933,Headphones,Electronics,1.0,23355.0,27.0,Delhi,UPI,2023-05-29
1911,2116,TV,Gadgets,3.0,49630.0,45.0,Mumbai,Credit Card,2023-05-07
1912,2133,Watch,Gadgets,3.0,44084.0,,Hyderabad,Debit Card,2023-01-17
1913,2057,Headphones,Electronics,,17164.0,4.0,Mumbai,Debit Card,2023-10-10
1914,2555,Laptop,Accessories,4.0,37926.0,37.0,Bangalore,Debit Card,2023-04-11
1915,2684,Mic,Electronics,2.0,37244.0,9.0,Pune,COD,2023-03-09
1916,2671,Backpack,Gadgets,4.0,37744.0,39.0,Pune,UPI,2023-09-19
1917,2172,Phone,Accessories,2.0,32452.0,45.0,Mumbai,COD,2023-12-22
1918,2828,Headphones,Accessories,3.0,4032.0,23.0,Chennai,Credit Card,2023-04-05
1919,2814,Laptop,Electronics,,25475.0,34.0,,UPI,2023-10-27
1920,2148,TV,Gadgets,1.0,15101.0,43.0,Delhi,Debit Card,2023-07-05
1921,2079,Keyboard,Gadgets,3.0,38413.0,47.0,Delhi,COD,2023-01-28
1922,2885,Phone,Accessories,2.0,34348.0,22.0,Pune,COD,2023-05-23
1923,2212,Keyboard,Electronics,4.0,42833.0,16.0,Delhi,Credit Card,2023-01-17
1924,2202,TV,Fashion,1.0,23118.0,0.0,Hyderabad,Credit Card,2023-12-04
1925,2763,Laptop,Fashion,2.0,46894.0,30.0,Delhi,,2023-02-02
1926,2228,Watch,Gadgets,4.0,19740.0,30.0,,Credit Card,2023-06-16
1927,2675,Keyboard,Fashion,1.0,,41.0,Delhi,Debit Card,2023-10-21
1928,2226,Phone,Gadgets,3.0,38602.0,41.0,Pune,Credit Card,2023-09-02
1929,2658,Shoes,Gadgets,2.0,38778.0,33.0,Pune,,2023-11-10
1930,2531,Camera,Gadgets,4.0,25117.0,8.0,Hyderabad,COD,2023-02-11
1931,2440,Headphones,Fashion,1.0,22518.0,21.0,Mumbai,COD,2023-10-05
1932,2401,Watch,Gadgets,1.0,10379.0,12.0,Pune,UPI,2023-06-06
1933,2046,Keyboard,Accessories,3.0,,24.0,Mumbai,UPI,2023-01-03
1934,2232,Mic,Electronics,4.0,46099.0,47.0,Chennai,COD,2023-10-03
1935,2304,Headphones,Electronics,3.0,19693.0,,Hyderabad,Credit Card,2023-01-08
1936,2525,Shoes,Gadgets,3.0,,11.0,Pune,Credit Card,2023-02-28
1937,2142,TV,Electronics,4.0,30406.0,39.0,Bangalore,UPI,2023-11-01
1938,2414,Camera,Fashion,4.0,45675.0,16.0,Chennai,UPI,2023-03-29
1939,2512,Laptop,Fashion,4.0,19824.0,14.0,Mumbai,UPI,2023-07-24
1940,2372,Shoes,Electronics,2.0,26764.0,41.0,Pune,Debit Card,2023-12-29
1941,2565,Shoes,Fashion,4.0,22612.0,14.0,Hyderabad,Debit Card,2023-11-27
1942,2885,TV,Electronics,1.0,,14.0,Delhi,UPI,2023-03-06
1943,2258,Backpack,Electronics,3.0,35717.0,38.0,Bangalore,Credit Card,2023-11-18
1944,2655,TV,Electronics,2.0,13356.0,12.0,Mumbai,,2023-10-31
1945,2470,Backpack,Gadgets,4.0,23264.0,16.0,Chennai,,2023-10-24
1946,2952,Backpack,Electronics,,25911.0,31.0,,Credit Card,2023-04-27
1947,2970,Watch,Gadgets,4.0,30306.0,8.0,Bangalore,Debit Card,2023-02-13
1948,2011,Watch,Electronics,2.0,16789.0,39.0,Hyderabad,Credit Card,2023-01-16
1949,2329,Phone,Electronics,3.0,23936.0,19.0,Pune,Debit Card,2024-01-01
1950,2735,Keyboard,Electronics,3.0,21175.0,25.0,Delhi,Credit Card,2023-09-13
1951,2783,Keyboard,Fashion,1.0,36418.0,26.0,Chennai,Credit Card,2023-07-24
1952,2967,Laptop,Gadgets,1.0,7414.0,20.0,Hyderabad,Credit Card,2023-12-17
1953,2357,Keyboard,Gadgets,4.0,30781.0,17.0,Mumbai,Credit Card,2023-02-08
1954,2971,Watch,Electronics,3.0,20395.0,12.0,Pune,COD,2023-03-22
1955,2407,Phone,Electronics,2.0,44782.0,15.0,Pune,Debit Card,2023-02-16
1956,2667,Phone,Fashion,,27327.0,,Chennai,Debit Card,2023-11-25
1957,2372,Backpack,Fashion,2.0,5341.0,11.0,Pune,COD,2023-09-11
1958,2007,TV,Fashion,1.0,29084.0,43.0,Mumbai,,2023-06-19
1959,2121,Laptop,Gadgets,2.0,25085.0,37.0,Hyderabad,Credit Card,2023-09-03
1960,2347,Backpack,Gadgets,1.0,2908.0,18.0,Chennai,Debit Card,2023-03-27
1961,2675,TV,Gadgets,1.0,,6.0,Pune,COD,2023-01-20
1962,2089,Keyboard,Electronics,,15288.0,34.0,Pune,Credit Card,2023-08-13
1963,2647,Backpack,Gadgets,2.0,44802.0,47.0,Mumbai,Credit Card,2023-12-11
1964,2697,Headphones,Accessories,2.0,,,,,2023-10-13
1965,2315,Keyboard,Accessories,3.0,10214.0,15.0,Delhi,UPI,2023-05-23
1966,2177,TV,Fashion,4.0,3473.0,38.0,Pune,COD,2023-05-04
1967,2539,Laptop,Gadgets,,47335.0,3.0,Hyderabad,Credit Card,2023-04-22
1968,2731,TV,Accessories,4.0,37506.0,24.0,,,2023-09-26
1969,2868,Backpack,Fashion,2.0,31081.0,31.0,Pune,COD,2023-10-23
1970,2040,Backpack,Gadgets,1.0,31686.0,39.0,Bangalore,Credit Card,2023-02-24
1971,2739,Shoes,Electronics,1.0,12741.0,12.0,Chennai,Debit Card,2023-11-11
1972,2703,Laptop,Accessories,1.0,8912.0,,Delhi,UPI,2023-07-20
1973,2922,Mic,Electronics,1.0,9368.0,16.0,Pune,UPI,2023-06-02
1974,2501,Keyboard,Gadgets,1.0,3751.0,,Mumbai,Credit Card,2023-04-02
1975,2958,Phone,Accessories,3.0,12497.0,36.0,Bangalore,Credit Card,2023-01-02
1976,2144,Laptop,Gadgets,4.0,43933.0,5.0,Pune,,2023-02-08
1977,2200,Phone,Electronics,2.0,27328.0,18.0,Hyderabad,Debit Card,2023-03-14
1978,2928,Laptop,Accessories,3.0,3032.0,12.0,Bangalore,Debit Card,2023-03-24
1979,2723,Laptop,Electronics,4.0,28683.0,,Pune,COD,2023-12-12
1980,2460,TV,Gadgets,1.0,22263.0,13.0,Hyderabad,Credit Card,2023-03-06
1981,2731,Laptop,Gadgets,4.0,23163.0,30.0,Bangalore,Debit Card,2023-07-28
1982,2751,Shoes,Electronics,4.0,13622.0,3.0,Hyderabad,COD,2023-07-11
1983,2924,Mic,Accessories,1.0,33120.0,38.0,Hyderabad,,2023-07-22
1984,2908,Backpack,Electronics,1.0,11356.0,,Bangalore,Credit Card,2023-03-01
1985,2557,Camera,Gadgets,1.0,11308.0,24.0,Bangalore,COD,2023-07-04
1986,2546,Phone,Electronics,2.0,32045.0,12.0,Hyderabad,COD,2023-03-07
1987,2252,Backpack,Gadgets,,3000.0,31.0,Delhi,,2023-03-09
1988,2389,Camera,Electronics,2.0,38278.0,37.0,Bangalore,Debit Card,2023-08-15
1989,2593,Mic,Accessories,1.0,42912.0,,,Credit Card,2023-11-09
1990,2882,Mic,Accessories,2.0,2810.0,27.0,Chennai,COD,2023-12-31
1991,2255,Phone,Electronics,4.0,12267.0,29.0,Mumbai,UPI,2023-03-31
1992,2708,Phone,Electronics,3.0,34072.0,2.0,Hyderabad,Credit Card,2023-11-05
1993,2814,Mic,Accessories,4.0,10928.0,27.0,,UPI,2023-07-03
1994,2920,Camera,Gadgets,4.0,29766.0,2.0,Mumbai,,2023-01-01
1995,2449,Laptop,Accessories,1.0,,44.0,,COD,2023-11-05
1996,2009,Keyboard,Gadgets,2.0,20783.0,,Mumbai,COD,2023-05-28
1997,2823,Headphones,Electronics,3.0,20438.0,15.0,Bangalore,Debit Card,2023-11-10
1998,2797,Backpack,Electronics,1.0,7463.0,21.0,Mumbai,Debit Card,2023-10-23
1999,2241,TV,Gadgets,1.0,2114.0,31.0,Hyderabad,Debit Card,2023-01-31
2000,2250,Backpack,Electronics,,23949.0,37.0,,Credit Card,2024-01-01
